"File","Size"
"components\admin\ContentForm.tsx","96"
"components\admin\ContentManager.tsx","96"
"components\admin\ReviewPanel.tsx","96"
"components\admin\StatusBadge.tsx","96"
"components\admin\content\ContentDashboard.tsx","96"
"components\admin\content\ContentEditor.tsx","96"
"components\admin\content\ContentFilters.tsx","96"
"components\admin\content\ContentTable.tsx","96"
"components\admin\content\index.ts","94"
"components\admin\content\PublishingWorkflow.tsx","96"
"components\admin\content\TranslationEditor.tsx","96"
"components\agent-intelligence\AgentAnalytics.tsx","79"
"components\agent-intelligence\AgentCollaborationMap.tsx","93"
"components\agent-intelligence\AgentDashboard.tsx","79"
"components\agent-intelligence\AgentExplorer.tsx","77"
"components\agent-intelligence\AgentLearningPanel.tsx","87"
"components\agent-intelligence\AgentMemoryViewer.tsx","85"
"components\agent-intelligence\AgentOrchestrator.tsx","85"
"components\agent-intelligence\AgentPerformance.tsx","83"
"components\agent-intelligence\AgentTaskMonitor.tsx","83"
"components\agentic-ai\AgentAnalytics.tsx","79"
"components\agentic-ai\AgentCommunicationPanel.tsx","97"
"components\agentic-ai\AgentDashboard.tsx","79"
"components\agentic-ai\AgentExplorer.tsx","77"
"components\agentic-ai\AgentMemoryViewer.tsx","85"
"components\agentic-ai\AutonomousOperations.tsx","91"
"components\agentic-ai\OrchestrationMonitor.tsx","91"
"components\agentic-ai\TaskPlanner.tsx","73"
"components\agentic-ai\WorkflowDesigner.tsx","83"
"components\agents\AgentDashboard.tsx","175"
"components\ai\AgentDashboard.tsx","79"
"components\ai\AICommandCenter.tsx","81"
"components\ai\AIInsights.tsx","71"
"components\ai\AutomationAI.tsx","75"
"components\ai\DecisionAssistant.tsx","85"
"components\ai\ModelMonitor.tsx","75"
"components\ai\PredictionPanel.tsx","81"
"components\ai\PromptManager.tsx","77"
"components\ai\RecommendationEngine.tsx","91"
"components\ai-agents\AgentAnalytics.tsx","79"
"components\ai-agents\AgentCapabilityPanel.tsx","91"
"components\ai-agents\AgentChat.tsx","69"
"components\ai-agents\AgentDashboard.tsx","79"
"components\ai-agents\AgentDecisionViewer.tsx","89"
"components\ai-agents\AgentExplorer.tsx","77"
"components\ai-agents\AgentManager.tsx","75"
"components\ai-agents\AgentMemoryView.tsx","81"
"components\ai-agents\AgentMemoryViewer.tsx","85"
"components\ai-agents\AgentMonitor.tsx","75"
"components\ai-agents\AgentNetworkViewer.tsx","87"
"components\ai-agents\AgentTaskPanel.tsx","79"
"components\ai-agents\AutomationCenter.tsx","83"
"components\ai-agents\CommunicationMonitor.tsx","91"
"components\ai-agents\DecisionCenter.tsx","79"
"components\ai-agents\MemoryExplorer.tsx","79"
"components\ai-agents\ReasoningViewer.tsx","81"
"components\ai-agents\TaskExecutionView.tsx","85"
"components\ai-agents\TaskMonitor.tsx","73"
"components\ai-agents\WorkflowDesigner.tsx","83"
"components\ai-cloud\CloudDashboard.tsx","79"
"components\ai-cloud\CloudInsights.tsx","77"
"components\ai-cloud\ClusterManager.tsx","79"
"components\ai-cloud\ComputeMonitor.tsx","79"
"components\ai-cloud\DeploymentCenter.tsx","83"
"components\ai-cloud\EdgeMonitor.tsx","73"
"components\ai-cloud\InfrastructureAnalytics.tsx","97"
"components\ai-cloud\NodeExplorer.tsx","75"
"components\ai-cloud\ScalingControl.tsx","79"
"components\ai-copilot\AgentExplorer.tsx","77"
"components\ai-copilot\AIChatInterface.tsx","81"
"components\ai-copilot\AIInsights.tsx","71"
"components\ai-copilot\CopilotDashboard.tsx","83"
"components\ai-copilot\DecisionCenter.tsx","79"
"components\ai-copilot\HumanAIWorkspace.tsx","83"
"components\ai-copilot\ReasoningViewer.tsx","81"
"components\ai-copilot\RecommendationPanel.tsx","89"
"components\ai-copilot\TaskManager.tsx","73"
"components\ai-core\AgentDashboard.tsx","79"
"components\ai-core\AgentOrchestrator.tsx","87"
"components\ai-core\AIAssistant.tsx","73"
"components\ai-core\AICoreDashboard.tsx","83"
"components\ai-core\AIHealthMonitor.tsx","83"
"components\ai-core\AIInsightPanel.tsx","79"
"components\ai-core\AIReasoningViewer.tsx","85"
"components\ai-core\AIServiceMesh.tsx","79"
"components\ai-core\ChatInterface.tsx","77"
"components\ai-core\DecisionCenter.tsx","81"
"components\ai-core\DocumentAnalyzer.tsx","83"
"components\ai-core\index.ts","94"
"components\ai-core\IntelligenceMap.tsx","83"
"components\ai-core\MELKISMAIAssistant.tsx","89"
"components\ai-core\ReasoningViewer.tsx","83"
"components\ai-core\SpatialAIViewer.tsx","81"
"components\ai-core\VisionAnalyzer.tsx","79"
"components\ai-ecosystem\AIEcosystemDashboard.tsx","170"
"components\ai-ecosystem\DeveloperPortal.tsx","81"
"components\ai-ecosystem\EcosystemDashboard.tsx","87"
"components\ai-ecosystem\EcosystemInsights.tsx","85"
"components\ai-ecosystem\ExtensionBuilder.tsx","83"
"components\ai-ecosystem\IntegrationCenter.tsx","85"
"components\ai-ecosystem\Marketplace.tsx","73"
"components\ai-ecosystem\PluginAnalytics.tsx","81"
"components\ai-ecosystem\PluginExplorer.tsx","79"
"components\ai-ecosystem\PluginManager.tsx","77"
"components\ai-experience\index.ts","291"
"components\ai-experience\assistant\AIAssistant.tsx","194"
"components\ai-experience\insights\AIInsightCard.tsx","204"
"components\ai-experience\recommendations\RecommendationPanel.tsx","166"
"components\ai-experience\workspace\AIWorkspace.tsx","182"
"components\ai-governance\AuditExplorer.tsx","77"
"components\ai-governance\ComplianceCenter.tsx","83"
"components\ai-governance\ComplianceDashboard.tsx","89"
"components\ai-governance\ComplianceViewer.tsx","83"
"components\ai-governance\DecisionTraceViewer.tsx","89"
"components\ai-governance\EthicsMonitor.tsx","77"
"components\ai-governance\ExplainableAIViewer.tsx","89"
"components\ai-governance\GovernanceDashboard.tsx","89"
"components\ai-governance\OptimizationCenter.tsx","87"
"components\ai-governance\PermissionCenter.tsx","83"
"components\ai-governance\PlatformHealth.tsx","79"
"components\ai-governance\PolicyManager.tsx","77"
"components\ai-governance\PrivacyCenter.tsx","77"
"components\ai-governance\RiskAnalyzer.tsx","75"
"components\ai-governance\SafetyMonitor.tsx","77"
"components\ai-governance\SecurityMonitor.tsx","81"
"components\ai-governance\SystemMonitor.tsx","77"
"components\ai-governance\TransparencyExplorer.tsx","91"
"components\ai-governance\TrustAnalytics.tsx","79"
"components\ai-governance\TrustScorePanel.tsx","81"
"components\ai-intelligence\AIAnalysisResult.tsx","85"
"components\ai-intelligence\AIAssistantPanel.tsx","85"
"components\ai-intelligence\AIChatAssistant.tsx","83"
"components\ai-intelligence\AIChatBox.tsx","71"
"components\ai-intelligence\AIConfidence.tsx","96"
"components\ai-intelligence\AIContextViewer.tsx","83"
"components\ai-intelligence\AIDecisionPanel.tsx","83"
"components\ai-intelligence\AIInsight.tsx","71"
"components\ai-intelligence\AIInsightCard.tsx","79"
"components\ai-intelligence\AIKnowledgeInsight.tsx","89"
"components\ai-intelligence\AIPredictionCard.tsx","85"
"components\ai-intelligence\AIRecommendation.tsx","85"
"components\ai-intelligence\AIResponse.tsx","73"
"components\ai-intelligence\ConfidenceIndicator.tsx","91"
"components\ai-intelligence\index.ts","94"
"components\ai-intelligence\IntelligenceDashboard.tsx","96"
"components\ai-intelligence\PredictionCard.tsx","96"
"components\ai-intelligence\RecommendationCard.tsx","89"
"components\ai-intelligence\RecommendationPanel.tsx","96"
"components\ai-intelligence\SemanticSearch.tsx","81"
"components\ai-intelligence\SmartAssistant.tsx","96"
"components\ai-marketplace\MarketplaceDashboard.tsx","166"
"components\ai-orchestration\AgentMonitor.tsx","77"
"components\ai-orchestration\AgentNetwork.tsx","77"
"components\ai-orchestration\AgentRouter.tsx","73"
"components\ai-orchestration\AgentStatus.tsx","75"
"components\ai-orchestration\AICommandCenter.tsx","83"
"components\ai-orchestration\AIControlCenter.tsx","83"
"components\ai-orchestration\AICoreDashboard.tsx","83"
"components\ai-orchestration\AIDashboard.tsx","75"
"components\ai-orchestration\AIResponsePanel.tsx","83"
"components\ai-orchestration\ApprovalCenter.tsx","79"
"components\ai-orchestration\AuditViewer.tsx","73"
"components\ai-orchestration\AutomationCenter.tsx","85"
"components\ai-orchestration\ContextViewer.tsx","79"
"components\ai-orchestration\DecisionPanel.tsx","79"
"components\ai-orchestration\GovernancePanel.tsx","81"
"components\ai-orchestration\index.ts","94"
"components\ai-orchestration\MemoryExplorer.tsx","81"
"components\ai-orchestration\MemoryViewer.tsx","77"
"components\ai-orchestration\ModelMonitor.tsx","77"
"components\ai-orchestration\OrchestrationDashboard.tsx","95"
"components\ai-orchestration\PermissionManager.tsx","85"
"components\ai-orchestration\ReasoningTimeline.tsx","87"
"components\ai-orchestration\TaskPlanner.tsx","73"
"components\ai-orchestration\WorkflowAnalytics.tsx","85"
"components\ai-orchestration\WorkflowViewer.tsx","79"
"components\ai-reasoning\DecisionAnalytics.tsx","85"
"components\ai-reasoning\DecisionExplorer.tsx","83"
"components\ai-reasoning\ExplanationPanel.tsx","83"
"components\ai-reasoning\ReasoningChainViewer.tsx","91"
"components\ai-reasoning\ReasoningDashboard.tsx","87"
"components\ai-reasoning\ReasoningMonitor.tsx","83"
"components\ai-reasoning\RecommendationOptimizer.tsx","97"
"components\ai-reasoning\RiskAnalyzer.tsx","75"
"components\ai-reasoning\ScenarioViewer.tsx","79"
"components\ai-research\CitationNetwork.tsx","81"
"components\ai-research\DiscoveryExplorer.tsx","85"
"components\ai-research\EvidenceViewer.tsx","79"
"components\ai-research\HypothesisViewer.tsx","83"
"components\ai-research\IntelligenceProgress.tsx","91"
"components\ai-research\KnowledgeDiscovery.tsx","87"
"components\ai-research\KnowledgeEvolutionPanel.tsx","97"
"components\ai-research\LearningMonitor.tsx","81"
"components\ai-research\PaperExplorer.tsx","77"
"components\ai-research\ResearchAgentMonitor.tsx","91"
"components\ai-research\ResearchAnalytics.tsx","85"
"components\ai-research\ResearchAssistant.tsx","85"
"components\ai-research\ResearchDashboard.tsx","85"
"components\ai-research\ResearchInsights.tsx","83"
"components\ai-research\ScientificInsightViewer.tsx","97"
"components\ai-research\ScientificReports.tsx","85"
"components\ai-research\TopicExplorer.tsx","77"
"components\ai-runtime\AIStatusPanel.tsx","153"
"components\ai-search\AISearchBox.tsx","75"
"components\ai-search\DiscoveryPanel.tsx","81"
"components\ai-search\index.ts","94"
"components\ai-search\LocationSearch.tsx","81"
"components\ai-search\PersonalizedResults.tsx","91"
"components\ai-search\RankingIndicator.tsx","85"
"components\ai-search\SearchAssistant.tsx","83"
"components\ai-search\SearchResults.tsx","79"
"components\ai-search\SemanticFilters.tsx","83"
"components\ai-workspace\index.ts","186"
"components\ai-workspace\Workspace.tsx","141"
"components\ai-workspace\panels\KnowledgeAssistant.tsx","120"
"components\ai-workspace\panels\MarketAnalysis.tsx","112"
"components\ai-workspace\panels\PropertyIntelligence.tsx","124"
"components\ai-workspace\widgets\AIQuery.tsx","111"
"components\ai-workspace\widgets\ConversationPanel.tsx","115"
"components\analytics\AnalyticsChart.tsx","79"
"components\analytics\AnalyticsExplorer.tsx","85"
"components\analytics\DataSourceBadge.tsx","96"
"components\analytics\ExecutiveDashboard.tsx","87"
"components\analytics\ForecastPanel.tsx","77"
"components\analytics\index.ts","94"
"components\analytics\InsightCard.tsx","73"
"components\analytics\KPIDashboard.tsx","75"
"components\analytics\MarketDashboard.tsx","81"
"components\analytics\MarketIndicator.tsx","96"
"components\analytics\MetricCard.tsx","96"
"components\analytics\ReportViewer.tsx","75"
"components\analytics\TrendDisplay.tsx","96"
"components\analytics\TrendViewer.tsx","73"
"components\api-ecosystem\ApiConsumersPanel.tsx","315"
"components\api-ecosystem\ApiDashboard.tsx","1040"
"components\api-ecosystem\ApiEcosystem.tsx","164"
"components\api-ecosystem\ApiEndpointPanel.tsx","317"
"components\api-ecosystem\ApiHealthPanel.tsx","377"
"components\api-ecosystem\ApiQuotaPanel.tsx","315"
"components\api-ecosystem\ApiRateLimitPanel.tsx","337"
"components\api-ecosystem\ApiRegistryPanel.tsx","291"
"components\api-ecosystem\ApiUsagePanel.tsx","339"
"components\api-ecosystem\ApiWebhooksPanel.tsx","425"
"components\api-ecosystem\DeveloperPortalPanel.tsx","296"
"components\application-security\ApplicationSecurityStatus.tsx","5717"
"components\architecture-intelligence\ArchitectCard.tsx","79"
"components\architecture-intelligence\ArchitectProfile.tsx","96"
"components\architecture-intelligence\ArchitectureAIInsight.tsx","95"
"components\architecture-intelligence\ArchitectureAnalysisPanel.tsx","748"
"components\architecture-intelligence\ArchitectureDashboard.tsx","542"
"components\architecture-intelligence\ArchitectureGallery.tsx","96"
"components\architecture-intelligence\ArchitectureIntelligence.tsx","169"
"components\architecture-intelligence\ArchitectureIntelligencePanel.tsx","33897"
"components\architecture-intelligence\ArchitectureKnowledgeMap.tsx","99"
"components\architecture-intelligence\ArchitectureOverview.tsx","267"
"components\architecture-intelligence\ArchitectureProfile.tsx","91"
"components\architecture-intelligence\ArchitectureProjectCard.tsx","99"
"components\architecture-intelligence\ArchitectureRecommendations.tsx","875"
"components\architecture-intelligence\ArchitectureScore.tsx","87"
"components\architecture-intelligence\ArchitectureTimeline.tsx","93"
"components\architecture-intelligence\BIMExplorer.tsx","73"
"components\architecture-intelligence\BuildingAnalyzer.tsx","83"
"components\architecture-intelligence\BuildingPerformancePanel.tsx","706"
"components\architecture-intelligence\ClimateDesignPanel.tsx","577"
"components\architecture-intelligence\DesignAnalysisPanel.tsx","668"
"components\architecture-intelligence\GenerativeDesignExplorer.tsx","99"
"components\architecture-intelligence\index.ts","94"
"components\architecture-intelligence\MaterialExplorer.tsx","85"
"components\architecture-intelligence\PerformanceViewer.tsx","85"
"components\architecture-intelligence\ProjectCard.tsx","96"
"components\architecture-intelligence\SiteAnalysisPanel.tsx","717"
"components\architecture-intelligence\SpatialAnalysisViewer.tsx","93"
"components\architecture-intelligence\StyleExplorer.tsx","79"
"components\architecture-intelligence\SustainabilityAnalyzer.tsx","95"
"components\architecture-intelligence\UrbanIntelligencePanel.tsx","95"
"components\auth\AccountMenu.tsx","96"
"components\auth\AuthGuard.tsx","96"
"components\auth\ForgotPassword.tsx","96"
"components\auth\index.ts","94"
"components\auth\LoginForm.tsx","96"
"components\auth\PasswordRecovery.tsx","96"
"components\auth\RegisterForm.tsx","96"
"components\auth\ResetPassword.tsx","96"
"components\auth\SocialLogin.tsx","96"
"components\auth\SocialLoginButton.tsx","96"
"components\auth\UserAvatar.tsx","96"
"components\auth\VerificationForm.tsx","96"
"components\auth\VerifyAccount.tsx","96"
"components\automation\AutomationDashboard.tsx","176"
"components\autonomous-business\BusinessDashboard.tsx","179"
"components\autonomous-intelligence\AgentControlCenter.tsx","89"
"components\autonomous-intelligence\AgentDashboard.tsx","81"
"components\autonomous-intelligence\AgentMemoryViewer.tsx","87"
"components\autonomous-intelligence\AgentStatusPanel.tsx","85"
"components\autonomous-intelligence\AIOSDashboard.tsx","79"
"components\autonomous-intelligence\AutonomousAssistant.tsx","91"
"components\autonomous-intelligence\AutonomousDashboard.tsx","198"
"components\autonomous-intelligence\AutonomousPlatform.tsx","197"
"components\autonomous-intelligence\DecisionPanel.tsx","79"
"components\autonomous-intelligence\index.ts","94"
"components\autonomous-intelligence\LearningMonitor.tsx","83"
"components\autonomous-intelligence\MarketWatcher.tsx","79"
"components\autonomous-intelligence\PlanningViewer.tsx","81"
"components\autonomous-intelligence\PredictionPanel.tsx","83"
"components\autonomous-intelligence\TaskExecutionPanel.tsx","89"
"components\autonomous-intelligence\TaskMonitor.tsx","75"
"components\autonomous-intelligence\WorkflowViewer.tsx","81"
"components\brand\BrandMark.tsx","528"
"components\brand\index.ts","42"
"components\business-operations\OperationsDashboard.tsx","173"
"components\business-subscription\BusinessSubscription.tsx","7764"
"components\city-intelligence\AICityAdvisor.tsx","79"
"components\city-intelligence\AIUrbanAssistant.tsx","85"
"components\city-intelligence\BuiltEnvironmentDashboard.tsx","96"
"components\city-intelligence\BuiltEnvironmentReport.tsx","96"
"components\city-intelligence\CityAIInsight.tsx","79"
"components\city-intelligence\CityArchitecture.tsx","96"
"components\city-intelligence\CityCard.tsx","69"
"components\city-intelligence\CityComparison.tsx","81"
"components\city-intelligence\CityDashboard.tsx","79"
"components\city-intelligence\CityExplorer.tsx","77"
"components\city-intelligence\CityIndicators.tsx","96"
"components\city-intelligence\CityMap.tsx","96"
"components\city-intelligence\CityMarketInsight.tsx","96"
"components\city-intelligence\CityOverview.tsx","96"
"components\city-intelligence\CityProfile.tsx","75"
"components\city-intelligence\CityRanking.tsx","75"
"components\city-intelligence\CityScore.tsx","71"
"components\city-intelligence\CountryProfile.tsx","96"
"components\city-intelligence\index.ts","94"
"components\city-intelligence\InfrastructurePanel.tsx","91"
"components\city-intelligence\InvestmentInsight.tsx","87"
"components\city-intelligence\LivabilityPanel.tsx","83"
"components\city-intelligence\LivabilityScore.tsx","83"
"components\city-intelligence\NeighborhoodCard.tsx","85"
"components\city-intelligence\NeighborhoodExplorer.tsx","93"
"components\city-intelligence\SustainabilityScore.tsx","96"
"components\city-intelligence\UrbanGrowthChart.tsx","85"
"components\city-intelligence\UrbanIndicators.tsx","96"
"components\city-intelligence\UrbanInsight.tsx","77"
"components\city-intelligence\UrbanMetrics.tsx","77"
"components\city-intelligence\UrbanScore.tsx","96"
"components\climate-intelligence\CarbonAnalytics.tsx","81"
"components\climate-intelligence\CarbonCalculator.tsx","83"
"components\climate-intelligence\ClimateAnalytics.tsx","83"
"components\climate-intelligence\ClimateAnalyzer.tsx","81"
"components\climate-intelligence\ClimateDashboard.tsx","83"
"components\climate-intelligence\ClimateRiskViewer.tsx","85"
"components\climate-intelligence\ClimateSimulation.tsx","85"
"components\climate-intelligence\EnergyMonitor.tsx","77"
"components\climate-intelligence\EnergyOptimizer.tsx","81"
"components\climate-intelligence\EnvironmentalPrediction.tsx","97"
"components\climate-intelligence\GreenBuildingAnalyzer.tsx","93"
"components\climate-intelligence\PlanetaryOverview.tsx","85"
"components\climate-intelligence\ResilienceDashboard.tsx","89"
"components\climate-intelligence\SustainabilityScore.tsx","89"
"components\climate-intelligence\SustainableDesignAssistant.tsx","103"
"components\cloud\BackupManager.tsx","77"
"components\cloud\DeploymentDashboard.tsx","89"
"components\cloud\EnvironmentManager.tsx","87"
"components\cloud\InfrastructureStatus.tsx","91"
"components\cloud\LogViewer.tsx","69"
"components\cloud\MonitoringDashboard.tsx","89"
"components\cloud\ProductionOverview.tsx","87"
"components\cloud\ReleaseManager.tsx","79"
"components\cloud\SystemHealth.tsx","75"
"components\collaboration\ActivityTimeline.tsx","83"
"components\collaboration\AppointmentCalendar.tsx","89"
"components\collaboration\AutomationPanel.tsx","81"
"components\collaboration\CollaborationDashboard.tsx","95"
"components\collaboration\CollaborationWorkspace.tsx","177"
"components\collaboration\ConversationView.tsx","83"
"components\collaboration\MessagingCenter.tsx","81"
"components\collaboration\NotificationCenter.tsx","87"
"components\collaboration\TeamCollaboration.tsx","85"
"components\collaboration\WorkflowBuilder.tsx","81"
"components\commercial-intelligence\CommercialDashboard.tsx","199"
"components\communication\AICommunicationAssistant.tsx","101"
"components\communication\AppointmentCalendar.tsx","91"
"components\communication\ConversationPanel.tsx","87"
"components\communication\index.ts","94"
"components\communication\InquiryCard.tsx","75"
"components\communication\InteractionTimeline.tsx","91"
"components\communication\MessageBox.tsx","73"
"components\communication\NegotiationPanel.tsx","85"
"components\communication\NotificationCenter.tsx","89"
"components\communication-intelligence\AIConversationAssistant.tsx","99"
"components\communication-intelligence\CollaborationWorkspace.tsx","97"
"components\communication-intelligence\CommunicationDashboard.tsx","97"
"components\communication-intelligence\CommunicationRouter.tsx","91"
"components\communication-intelligence\ConversationPanel.tsx","87"
"components\communication-intelligence\index.ts","94"
"components\communication-intelligence\InteractionInsights.tsx","91"
"components\communication-intelligence\MessageCenter.tsx","79"
"components\communication-intelligence\NotificationCenter.tsx","89"
"components\community\BookmarkButton.tsx","96"
"components\community\CommentBox.tsx","96"
"components\community\index.ts","94"
"components\community\ReactionButton.tsx","96"
"components\construction-intelligence\ConstructionCostPanel.tsx","784"
"components\construction-intelligence\ConstructionDashboard.tsx","617"
"components\construction-intelligence\ConstructionIntelligence.tsx","169"
"components\construction-intelligence\ConstructionMaterialsPanel.tsx","460"
"components\construction-intelligence\ConstructionOverview.tsx","290"
"components\construction-intelligence\ConstructionProgressPanel.tsx","746"
"components\construction-intelligence\ConstructionQualityPanel.tsx","748"
"components\construction-intelligence\ConstructionRecommendations.tsx","875"
"components\construction-intelligence\ConstructionRiskPanel.tsx","679"
"components\construction-intelligence\ConstructionSchedulePanel.tsx","779"
"components\content\ArticleCard.tsx","96"
"components\content\ContentCard.tsx","96"
"components\content\ContentFeed.tsx","96"
"components\content\ContentGrid.tsx","96"
"components\content\index.ts","94"
"components\content\IntelligenceCard.tsx","96"
"components\content\KnowledgeCard.tsx","96"
"components\content\RegulationCard.tsx","96"
"components\content\ReportCard.tsx","96"
"components\content\SourceBadge.tsx","96"
"components\content-detail\ArticleDetail.tsx","96"
"components\content-detail\ContentHero.tsx","96"
"components\content-detail\index.ts","94"
"components\content-detail\KnowledgeDetail.tsx","96"
"components\content-detail\ReadingMeta.tsx","96"
"components\content-detail\RelatedContent.tsx","96"
"components\content-detail\ReportDetail.tsx","96"
"components\content-detail\ShareActions.tsx","96"
"components\content-detail\SourceAttribution.tsx","96"
"components\content-intelligence\AIContentAssistant.tsx","89"
"components\content-intelligence\AIContentSummary.tsx","85"
"components\content-intelligence\AIEditorialAssistant.tsx","93"
"components\content-intelligence\ArticleCard.tsx","75"
"components\content-intelligence\ArticleExplorer.tsx","83"
"components\content-intelligence\ArticleViewer.tsx","79"
"components\content-intelligence\CitationExplorer.tsx","85"
"components\content-intelligence\ContentAIInsight.tsx","85"
"components\content-intelligence\ContentCard.tsx","75"
"components\content-intelligence\ContentDashboard.tsx","85"
"components\content-intelligence\ContentExplorer.tsx","83"
"components\content-intelligence\ContentInsight.tsx","81"
"components\content-intelligence\ContentPreview.tsx","96"
"components\content-intelligence\ContentQualityScore.tsx","91"
"components\content-intelligence\ContentRecommendation.tsx","95"
"components\content-intelligence\ContentScore.tsx","77"
"components\content-intelligence\ContentViewer.tsx","79"
"components\content-intelligence\index.ts","94"
"components\content-intelligence\KnowledgeConnection.tsx","91"
"components\content-intelligence\KnowledgeGraph.tsx","81"
"components\content-intelligence\KnowledgeLinks.tsx","81"
"components\content-intelligence\LanguageSelector.tsx","85"
"components\content-intelligence\MultilingualContent.tsx","96"
"components\content-intelligence\PublicationManager.tsx","89"
"components\content-intelligence\ReportViewer.tsx","77"
"components\content-intelligence\ResearchCenter.tsx","81"
"components\content-intelligence\ResearchLibrary.tsx","83"
"components\content-intelligence\SemanticGraph.tsx","79"
"components\content-intelligence\SemanticTagList.tsx","83"
"components\content-intelligence\SemanticTags.tsx","77"
"components\content-intelligence\SEOPreview.tsx","96"
"components\content-intelligence\SourceReference.tsx","83"
"components\content-intelligence\TranslationManager.tsx","89"
"components\content-intelligence\TranslationPanel.tsx","85"
"components\content-intelligence\TranslationStatus.tsx","96"
"components\content-intelligence\TranslationSwitcher.tsx","91"
"components\content-platform\AIContentAssistant.tsx","87"
"components\content-platform\ArticleEditor.tsx","77"
"components\content-platform\ContentAnalytics.tsx","83"
"components\content-platform\ContentManager.tsx","79"
"components\content-platform\EditorialDashboard.tsx","87"
"components\content-platform\KnowledgeExplorer.tsx","85"
"components\content-platform\MediaLibrary.tsx","75"
"components\content-platform\PublishingWorkflow.tsx","87"
"components\content-platform\ResearchPublisher.tsx","85"
"components\continuous-learning\EvaluationDashboard.tsx","89"
"components\continuous-learning\ExperienceViewer.tsx","83"
"components\continuous-learning\FeedbackAnalyzer.tsx","83"
"components\continuous-learning\IntelligenceGrowthChart.tsx","97"
"components\continuous-learning\LearningAnalytics.tsx","85"
"components\continuous-learning\LearningCycleMonitor.tsx","91"
"components\continuous-learning\LearningDashboard.tsx","85"
"components\continuous-learning\ModelEvolutionViewer.tsx","91"
"components\continuous-learning\OptimizationPanel.tsx","85"
"components\conversational-ai\AIAssistantChat.tsx","83"
"components\conversational-ai\AICompanion.tsx","75"
"components\conversational-ai\ContextViewer.tsx","79"
"components\conversational-ai\ConversationPanel.tsx","87"
"components\conversational-ai\index.ts","94"
"components\conversational-ai\LanguageSelector.tsx","85"
"components\conversational-ai\MemoryPanel.tsx","75"
"components\conversational-ai\MessageList.tsx","75"
"components\conversational-ai\VoiceAssistant.tsx","81"
"components\dashboard\ActivityTimeline.tsx","96"
"components\dashboard\DashboardLayout.tsx","96"
"components\dashboard\DashboardWidget.tsx","96"
"components\dashboard\index.ts","133"
"components\dashboard\InsightCard.tsx","96"
"components\dashboard\RecommendationWidget.tsx","96"
"components\dashboard\SavedItemsPanel.tsx","96"
"components\dashboard\SmartDashboard.tsx","96"
"components\dashboard\UserPreferencePanel.tsx","96"
"components\dashboard\InterestProfile\index.ts","54"
"components\dashboard\InterestProfile\InterestProfile.tsx","103"
"components\dashboard\PersonalFeed\index.ts","48"
"components\dashboard\PersonalFeed\PersonalFeed.tsx","97"
"components\dashboard\SavedKnowledge\index.ts","52"
"components\dashboard\SavedKnowledge\SavedKnowledge.tsx","101"
"components\dashboard\UserInsight\index.ts","46"
"components\dashboard\UserInsight\UserInsight.tsx","95"
"components\data-exchange\APIProducts.tsx","78"
"components\data-exchange\DataQualityPanel.tsx","88"
"components\data-exchange\DatasetCatalog.tsx","84"
"components\data-exchange\DeliveryMonitor.tsx","86"
"components\data-exchange\ExchangeAnalytics.tsx","90"
"components\data-exchange\ExchangeDashboard.tsx","90"
"components\data-exchange\IntelligenceExchange.tsx","96"
"components\data-exchange\LicenseManager.tsx","84"
"components\data-exchange\ProviderNetwork.tsx","86"
"components\data-federation\DataFederationDashboard.tsx","127"
"components\data-intelligence\AIDataAssistant.tsx","83"
"components\data-intelligence\AIDataInsight.tsx","79"
"components\data-intelligence\AnalyticsCenter.tsx","81"
"components\data-intelligence\AnalyticsDashboard.tsx","87"
"components\data-intelligence\AnalyticsPanel.tsx","81"
"components\data-intelligence\BIDashboard.tsx","73"
"components\data-intelligence\BusinessIntelligence.tsx","91"
"components\data-intelligence\DataDashboard.tsx","77"
"components\data-intelligence\DataIntelligenceCenter.tsx","95"
"components\data-intelligence\DataPipelineMonitor.tsx","91"
"components\data-intelligence\DataQualityPanel.tsx","85"
"components\data-intelligence\DataQualityScore.tsx","85"
"components\data-intelligence\DatasetCard.tsx","75"
"components\data-intelligence\DatasetExplorer.tsx","83"
"components\data-intelligence\DataSourcePanel.tsx","83"
"components\data-intelligence\DataVisualization.tsx","85"
"components\data-intelligence\DecisionSupport.tsx","81"
"components\data-intelligence\EconomicIndicators.tsx","89"
"components\data-intelligence\ExecutiveDashboard.tsx","87"
"components\data-intelligence\GeographicExplorer.tsx","89"
"components\data-intelligence\index.ts","94"
"components\data-intelligence\InsightExplorer.tsx","81"
"components\data-intelligence\KPIDashboard.tsx","75"
"components\data-intelligence\MarketDataViewer.tsx","85"
"components\data-intelligence\MarketIntelligencePanel.tsx","97"
"components\data-intelligence\MarketMetrics.tsx","79"
"components\data-intelligence\MetricsViewer.tsx","77"
"components\data-intelligence\PipelineStatus.tsx","81"
"components\data-intelligence\ReportCenter.tsx","75"
"components\data-intelligence\ReportGenerator.tsx","81"
"components\data-intelligence\UserAnalyticsPanel.tsx","87"
"components\data-intelligence\WarehouseExplorer.tsx","85"
"components\data-marketplace\APIMarketplace.tsx","79"
"components\data-marketplace\DataProviderPanel.tsx","85"
"components\data-marketplace\DataQualityViewer.tsx","85"
"components\data-marketplace\DatasetExplorer.tsx","81"
"components\data-marketplace\ExchangeAnalytics.tsx","85"
"components\data-marketplace\InsightMarketplace.tsx","87"
"components\data-marketplace\KnowledgeMarketplace.tsx","91"
"components\data-marketplace\MarketplaceDashboard.tsx","91"
"components\data-marketplace\SubscriptionManager.tsx","89"
"components\data-platform\AnalyticsDashboard.tsx","87"
"components\data-platform\ConnectorManager.tsx","83"
"components\data-platform\DataDashboard.tsx","77"
"components\data-platform\DataIntelligenceViewer.tsx","95"
"components\data-platform\DataQualityPanel.tsx","83"
"components\data-platform\DatasetViewer.tsx","77"
"components\data-platform\DataSourceExplorer.tsx","87"
"components\data-platform\PipelineMonitor.tsx","81"
"components\database-production-readiness\DatabaseProductionReadinessStatus.tsx","923"
"components\decision-intelligence\AIDecisionAssistant.tsx","91"
"components\decision-intelligence\AIRecommendationPanel.tsx","93"
"components\decision-intelligence\CognitiveMonitor.tsx","83"
"components\decision-intelligence\CriteriaMatrix.tsx","81"
"components\decision-intelligence\DecisionAnalytics.tsx","85"
"components\decision-intelligence\DecisionDashboard.tsx","85"
"components\decision-intelligence\DecisionExplorer.tsx","85"
"components\decision-intelligence\DecisionHistory.tsx","81"
"components\decision-intelligence\DecisionSimulator.tsx","85"
"components\decision-intelligence\DecisionTimeline.tsx","83"
"components\decision-intelligence\ExecutiveDashboard.tsx","87"
"components\decision-intelligence\ExecutiveInsights.tsx","85"
"components\decision-intelligence\ExecutiveOverview.tsx","85"
"components\decision-intelligence\ExplanationPanel.tsx","85"
"components\decision-intelligence\ExplanationViewer.tsx","85"
"components\decision-intelligence\index.ts","94"
"components\decision-intelligence\IntelligenceMetrics.tsx","89"
"components\decision-intelligence\IntelligenceScore.tsx","85"
"components\decision-intelligence\OpportunityExplorer.tsx","89"
"components\decision-intelligence\RankingViewer.tsx","79"
"components\decision-intelligence\ReasoningExplorer.tsx","85"
"components\decision-intelligence\RecommendationCenter.tsx","91"
"components\decision-intelligence\RecommendationPanel.tsx","91"
"components\decision-intelligence\RiskAnalyzer.tsx","75"
"components\decision-intelligence\RiskMonitor.tsx","73"
"components\decision-intelligence\ScenarioComparison.tsx","87"
"components\decision-intelligence\ScenarioSimulator.tsx","85"
"components\decision-intelligence\StrategyAdvisor.tsx","83"
"components\decision-intelligence\StrategyPlanner.tsx","81"
"components\deployment-verification\DeploymentVerificationStatus.tsx","5794"
"components\design-system\Badge.tsx","96"
"components\design-system\Card.tsx","96"
"components\design-system\Container.tsx","96"
"components\design-system\Divider.tsx","96"
"components\design-system\Heading.tsx","96"
"components\design-system\index.ts","94"
"components\design-system\Section.tsx","96"
"components\design-system\Text.tsx","96"
"components\design-system\tokens.ts","89"
"components\design-system\cards\IntelligenceCard.tsx","130"
"components\design-system\components\Card.tsx","182"
"components\design-system\components\ExperienceCard.tsx","178"
"components\design-system\components\Section.tsx","234"
"components\design-system\hero\Hero.tsx","161"
"components\design-system\layout\PageContainer.tsx","164"
"components\design-system\theme\index.ts","63"
"components\design-system\tokens\index.ts","277"
"components\digital-twin\AIDigitalTwinAdvisor.tsx","91"
"components\digital-twin\AIDigitalTwinAssistant.tsx","97"
"components\digital-twin\AssetTwinManager.tsx","83"
"components\digital-twin\BuildingModelViewer.tsx","89"
"components\digital-twin\BuildingTwinView.tsx","83"
"components\digital-twin\CityTwinView.tsx","75"
"components\digital-twin\CityTwinViewer.tsx","81"
"components\digital-twin\DigitalTwinDashboard.tsx","91"
"components\digital-twin\EnvironmentTwin.tsx","81"
"components\digital-twin\ForecastViewer.tsx","79"
"components\digital-twin\FutureCityViewer.tsx","83"
"components\digital-twin\FutureForecastPanel.tsx","89"
"components\digital-twin\FutureScenarioPanel.tsx","89"
"components\digital-twin\FutureSimulation.tsx","85"
"components\digital-twin\index.ts","94"
"components\digital-twin\LifecycleMonitor.tsx","85"
"components\digital-twin\MarketSimulator.tsx","81"
"components\digital-twin\OptimizationPanel.tsx","85"
"components\digital-twin\PredictionDashboard.tsx","89"
"components\digital-twin\PropertyTwinViewer.tsx","87"
"components\digital-twin\ScenarioAnalysis.tsx","83"
"components\digital-twin\ScenarioBuilder.tsx","81"
"components\digital-twin\ScenarioDesigner.tsx","83"
"components\digital-twin\ScenarioExplorer.tsx","85"
"components\digital-twin\ScenarioPlanner.tsx","81"
"components\digital-twin\SimulationCenter.tsx","83"
"components\digital-twin\SimulationPanel.tsx","81"
"components\digital-twin\SimulationViewer.tsx","83"
"components\digital-twin\SpatialAnalysis.tsx","83"
"components\digital-twin\SpatialViewer.tsx","77"
"components\digital-twin\TwinAnalytics.tsx","77"
"components\digital-twin\TwinExplorer.tsx","75"
"components\digital-twin\TwinStatusPanel.tsx","83"
"components\digital-twin\UrbanTwinExplorer.tsx","85"
"components\digital-twin\UrbanTwinViewer.tsx","81"
"components\digital-twin-intelligence\BuildingSimulation.tsx","87"
"components\digital-twin-intelligence\BuildingTwinViewer.tsx","87"
"components\digital-twin-intelligence\CityTwinExplorer.tsx","83"
"components\digital-twin-intelligence\DigitalTwinDashboard.tsx","91"
"components\digital-twin-intelligence\EnvironmentAnalytics.tsx","91"
"components\digital-twin-intelligence\PredictionDashboard.tsx","89"
"components\digital-twin-intelligence\PredictionPanel.tsx","81"
"components\digital-twin-intelligence\PropertyTwinExplorer.tsx","91"
"components\digital-twin-intelligence\PropertyTwinPanel.tsx","85"
"components\digital-twin-intelligence\ScenarioSimulator.tsx","85"
"components\digital-twin-intelligence\SensorMonitor.tsx","77"
"components\digital-twin-intelligence\SimulationViewer.tsx","83"
"components\digital-twin-intelligence\SmartEnvironmentDashboard.tsx","101"
"components\digital-twin-intelligence\TwinAnalytics.tsx","77"
"components\digital-twin-intelligence\TwinViewer.tsx","71"
"components\digital-twin-intelligence\UrbanSimulation.tsx","81"
"components\discovery\AdvancedFilters.tsx","81"
"components\discovery\AIRecommendationCard.tsx","91"
"components\discovery\CategoryFilter.tsx","96"
"components\discovery\ContentTypeFilter.tsx","96"
"components\discovery\DiscoveryAnalytics.tsx","87"
"components\discovery\DiscoveryCard.tsx","96"
"components\discovery\FilterPanel.tsx","96"
"components\discovery\index.ts","94"
"components\discovery\IntelligentSearch.tsx","85"
"components\discovery\ProfessionalCard.tsx","96"
"components\discovery\PropertyDiscovery.tsx","85"
"components\discovery\RankingBadge.tsx","96"
"components\discovery\RankingIndicator.tsx","83"
"components\discovery\RecommendationPanel.tsx","89"
"components\discovery\SearchBar.tsx","96"
"components\discovery\SearchResults.tsx","77"
"components\discovery\SemanticSearchBox.tsx","85"
"components\discovery\TagExplorer.tsx","96"
"components\discovery\VerificationBadge.tsx","96"
"components\ecosystem\EcosystemDashboard.tsx","173"
"components\editorial\AuthorBadge.tsx","96"
"components\editorial\ContentStatusBadge.tsx","96"
"components\editorial\index.ts","94"
"components\editorial\VersionInfo.tsx","96"
"components\enterprise\EnterpriseDashboard.tsx","185"
"components\enterprise\index.ts","315"
"components\enterprise\security\AccessControl.tsx","124"
"components\enterprise\widgets\IntelligenceReports.tsx","122"
"components\enterprise\widgets\OrganizationProfile.tsx","122"
"components\enterprise\widgets\ProjectIntelligence.tsx","122"
"components\enterprise\workspace\WorkspacePanel.tsx","112"
"components\enterprise-governance\CompliancePanel.tsx","687"
"components\enterprise-governance\DataGovernancePanel.tsx","423"
"components\enterprise-governance\EnterpriseGovernance.tsx","159"
"components\enterprise-governance\GovernanceDashboard.tsx","782"
"components\enterprise-governance\GovernanceDecisionPanel.tsx","736"
"components\enterprise-governance\GovernanceRiskPanel.tsx","670"
"components\enterprise-governance\OrganizationGovernancePanel.tsx","270"
"components\enterprise-governance\PolicyGovernancePanel.tsx","413"
"components\enterprise-growth\EnterpriseGrowthDashboard.tsx","197"
"components\enterprise-intelligence\IntelligenceDashboard.tsx","168"
"components\enterprise-platform\B2BIntelligencePanel.tsx","91"
"components\enterprise-platform\CorporateInsights.tsx","85"
"components\enterprise-platform\EnterpriseAnalytics.tsx","89"
"components\enterprise-platform\EnterpriseDashboard.tsx","89"
"components\enterprise-platform\EnterpriseSettings.tsx","87"
"components\enterprise-platform\MemberManager.tsx","77"
"components\enterprise-platform\OrganizationManager.tsx","89"
"components\enterprise-platform\RolePermissionCenter.tsx","91"
"components\enterprise-platform\TeamWorkspace.tsx","77"
"components\evolution\EvolutionDashboard.tsx","177"
"components\experience\AdaptiveInterface.tsx","85"
"components\experience\ContentExperience.tsx","96"
"components\experience\ConversationExperience.tsx","95"
"components\experience\DiscoveryExperience.tsx","96"
"components\experience\ExperienceAnalytics.tsx","89"
"components\experience\ExperienceContainer.tsx","96"
"components\experience\ExperienceDashboard.tsx","89"
"components\experience\ExperienceHub.tsx","16811"
"components\experience\ExperienceSection.tsx","96"
"components\experience\ExperienceShell.tsx","96"
"components\experience\HomeExperience.tsx","96"
"components\experience\index.ts","287"
"components\experience\IntelligenceExperience.tsx","96"
"components\experience\IntelligentSearch.tsx","85"
"components\experience\PersonalizationExperience.tsx","96"
"components\experience\PersonalizationPanel.tsx","91"
"components\experience\RecommendationCards.tsx","89"
"components\experience\UserContextPanel.tsx","83"
"components\experience\UserJourneyViewer.tsx","85"
"components\experience\cards\ExperienceCard.tsx","211"
"components\experience\hero\HeroFoundation.tsx","96"
"components\experience\hero\MainHero.tsx","257"
"components\experience\home\HomeExperience.tsx","96"
"components\experience\navigation\ProductNavigation.tsx","149"
"components\experience\sections\IntelligenceSections.tsx","280"
"components\feedback\index.ts","157"
"components\feedback\EmptyState\EmptyState.tsx","108"
"components\feedback\EmptyState\index.ts","44"
"components\feedback\ErrorState\ErrorState.tsx","108"
"components\feedback\ErrorState\index.ts","44"
"components\feedback\LoadingState\index.ts","48"
"components\feedback\LoadingState\LoadingState.tsx","97"
"components\feedback\OfflineState\index.ts","48"
"components\feedback\OfflineState\OfflineState.tsx","105"
"components\feedback\SuccessState\index.ts","48"
"components\feedback\SuccessState\SuccessState.tsx","122"
"components\financial-intelligence\FinancialDashboard.tsx","87"
"components\financial-intelligence\FinancialInsights.tsx","85"
"components\financial-intelligence\InvestmentAnalyzer.tsx","87"
"components\financial-intelligence\InvestmentAssistant.tsx","89"
"components\financial-intelligence\MarketSimulationViewer.tsx","95"
"components\financial-intelligence\PortfolioExplorer.tsx","85"
"components\financial-intelligence\RiskAnalysisPanel.tsx","85"
"components\financial-intelligence\ROIPredictionViewer.tsx","89"
"components\financial-intelligence\StrategyPlanner.tsx","81"
"components\geospatial-intelligence\CityIntelligenceDashboard.tsx","101"
"components\geospatial-intelligence\ClimateRiskPanel.tsx","83"
"components\geospatial-intelligence\GlobalMap.tsx","69"
"components\geospatial-intelligence\LocationScoreCard.tsx","85"
"components\geospatial-intelligence\PropertyMapLayer.tsx","83"
"components\geospatial-intelligence\SmartCityDashboard.tsx","87"
"components\geospatial-intelligence\SpatialAnalysisViewer.tsx","93"
"components\geospatial-intelligence\UrbanAnalyticsPanel.tsx","89"
"components\global-ai\GlobalAIScalingDashboard.tsx","192"
"components\global-expansion\CountryCoveragePanel.tsx","412"
"components\global-expansion\CurrencyCoveragePanel.tsx","428"
"components\global-expansion\ExpansionReadinessPanel.tsx","829"
"components\global-expansion\GlobalExpansion.tsx","169"
"components\global-expansion\GlobalExpansionDashboard.tsx","752"
"components\global-expansion\GlobalOverview.tsx","271"
"components\global-expansion\JurisdictionPanel.tsx","422"
"components\global-expansion\LocaleCoveragePanel.tsx","532"
"components\global-intelligence\GlobalIntelligenceDashboard.tsx","187"
"components\global-market\GlobalMarketDashboard.tsx","196"
"components\global-network\GlobalNetworkDashboard.tsx","209"
"components\global-real-estate\GlobalRealEstateDashboard.tsx","220"
"components\governance\AuthorityCard.tsx","96"
"components\governance\GovernanceDashboard.tsx","147"
"components\governance\index.ts","94"
"components\governance\OfficialSourceLink.tsx","96"
"components\governance\RegulationCard.tsx","96"
"components\home\AIInsights.tsx","96"
"components\home\ArchitectureIntelligence.tsx","96"
"components\home\ArchitecturePreview.tsx","132"
"components\home\CitiesShowcase.tsx","96"
"components\home\FeaturedKnowledge.tsx","96"
"components\home\Hero.tsx","214"
"components\home\HeroSection.tsx","96"
"components\home\HomeExperience.tsx","319"
"components\home\HomePage.tsx","238"
"components\home\index.ts","459"
"components\home\IntelligenceCards.tsx","108"
"components\home\IntelligenceIntro.tsx","96"
"components\home\KnowledgePreview.tsx","121"
"components\home\MarketIntelligence.tsx","96"
"components\home\MarketPreview.tsx","171"
"components\home\ReportsShowcase.tsx","96"
"components\home\ArchitectureShowcase\ArchitectureShowcase.tsx","151"
"components\home\ArchitectureShowcase\index.ts","64"
"components\home\Cities\Cities.tsx","138"
"components\home\Cities\index.ts","36"
"components\home\FeaturedProperties\FeaturedProperties.tsx","192"
"components\home\FeaturedProperties\index.ts","60"
"components\home\Hero\Hero.tsx","292"
"components\home\Hero\index.ts","32"
"components\home\IntelligenceSearch\index.ts","60"
"components\home\IntelligenceSearch\IntelligenceSearch.tsx","162"
"components\home\KnowledgeFeed\index.ts","50"
"components\home\KnowledgeFeed\KnowledgeFeed.tsx","175"
"components\home\MarketSnapshot\index.ts","52"
"components\home\MarketSnapshot\MarketSnapshot.tsx","183"
"components\home\Services\index.ts","40"
"components\home\Services\Services.tsx","201"
"components\i18n\DirectionProvider.tsx","96"
"components\i18n\index.ts","94"
"components\i18n\LanguageSelector.tsx","96"
"components\i18n\TranslationBadge.tsx","96"
"components\infrastructure\BackupManager.tsx","77"
"components\infrastructure\CloudDashboard.tsx","79"
"components\infrastructure\DeploymentCenter.tsx","83"
"components\infrastructure\EnvironmentManager.tsx","87"
"components\infrastructure\InfrastructureHealth.tsx","91"
"components\infrastructure\LogExplorer.tsx","73"
"components\infrastructure\MonitoringDashboard.tsx","89"
"components\infrastructure\OperationsCenter.tsx","83"
"components\infrastructure\PerformancePanel.tsx","83"
"components\integration\APIExplorer.tsx","73"
"components\integration\APIGatewayDashboard.tsx","89"
"components\integration\APIManager.tsx","71"
"components\integration\ConnectorAnalytics.tsx","87"
"components\integration\ConnectorManager.tsx","83"
"components\integration\DataExchangePanel.tsx","85"
"components\integration\EnterpriseConnector.tsx","89"
"components\integration\EventStreamViewer.tsx","85"
"components\integration\FederationDashboard.tsx","89"
"components\integration\IntegrationCenter.tsx","85"
"components\integration\IntegrationDashboard.tsx","91"
"components\integration\IntegrationMonitor.tsx","87"
"components\integration\IntegrationSecurity.tsx","89"
"components\integration\PartnerPortal.tsx","77"
"components\integration\ServiceMarketplace.tsx","87"
"components\integration\WebhookManager.tsx","79"
"components\integration\WebhookMonitor.tsx","79"
"components\intelligence\AIInsightCard.tsx","96"
"components\intelligence\AIInsightPanel.tsx","96"
"components\intelligence\AIRecommendationCard.tsx","96"
"components\intelligence\index.ts","119"
"components\intelligence\InsightCard.tsx","96"
"components\intelligence\IntelligencePanel.tsx","485"
"components\intelligence\IntelligenceResponse.tsx","216"
"components\intelligence\IntelligenceSignal.tsx","96"
"components\intelligence\IntelligenceStatus.tsx","130"
"components\intelligence\KnowledgeGraphPreview.tsx","96"
"components\intelligence\MarketInsightCard.tsx","96"
"components\intelligence\MarketSnapshot.tsx","96"
"components\intelligence\PersonalizedFeed.tsx","96"
"components\intelligence\RecommendationCard.tsx","96"
"components\intelligence\SmartSuggestion.tsx","96"
"components\intelligence\version.ts","120"
"components\intelligence\AIInsight\AIInsight.tsx","91"
"components\intelligence\AIInsight\index.ts","42"
"components\intelligence\dashboard\ActivityFeed.tsx","233"
"components\intelligence\dashboard\index.ts","107"
"components\intelligence\dashboard\IntelligenceDashboard.tsx","320"
"components\intelligence\dashboard\MetricCard.tsx","231"
"components\intelligence\DiscoveryPanel\DiscoveryPanel.tsx","104"
"components\intelligence\DiscoveryPanel\index.ts","52"
"components\intelligence\IntelligenceCard\index.ts","56"
"components\intelligence\IntelligenceCard\IntelligenceCard.tsx","105"
"components\intelligence\interactions\index.ts","119"
"components\intelligence\interactions\IntelligenceAction.tsx","244"
"components\intelligence\interactions\IntelligenceFeedback.tsx","308"
"components\intelligence\interactions\IntelligenceInput.tsx","315"
"components\intelligence\KnowledgeSignal\index.ts","54"
"components\intelligence\KnowledgeSignal\KnowledgeSignal.tsx","103"
"components\intelligence\Recommendation\index.ts","52"
"components\intelligence\Recommendation\Recommendation.tsx","100"
"components\intelligence-optimization\OptimizationDashboard.tsx","180"
"components\intelligence-os\IntelligenceOSDashboard.tsx","200"
"components\intelligent-operations\AutomationCenter.tsx","83"
"components\intelligent-operations\AutonomousOperationsPanel.tsx","101"
"components\intelligent-operations\EventMonitor.tsx","75"
"components\intelligent-operations\ExecutionViewer.tsx","81"
"components\intelligent-operations\OperationsDashboard.tsx","89"
"components\intelligent-operations\ScheduleManager.tsx","81"
"components\intelligent-operations\TaskManager.tsx","73"
"components\intelligent-operations\WorkflowBuilder.tsx","81"
"components\intelligent-operations\WorkflowDashboard.tsx","85"
"components\interaction\AnimatedContainer\AnimatedContainer.tsx","230"
"components\interaction\AnimatedContainer\index.ts","58"
"components\interaction\Fade\Fade.tsx","162"
"components\interaction\Fade\index.ts","32"
"components\interaction\Reveal\index.ts","36"
"components\interaction\Reveal\Reveal.tsx","164"
"components\interaction\Scale\index.ts","34"
"components\interaction\Scale\Scale.tsx","163"
"components\investment\index.ts","94"
"components\investment\InvestmentCard.tsx","96"
"components\investment\InvestorBadge.tsx","96"
"components\investment\RiskIndicator.tsx","96"
"components\investment-intelligence\AIAdvisorPanel.tsx","81"
"components\investment-intelligence\AIInvestmentAdvisor.tsx","91"
"components\investment-intelligence\AIInvestmentAssistant.tsx","95"
"components\investment-intelligence\AssetAllocation.tsx","83"
"components\investment-intelligence\ForecastPanel.tsx","79"
"components\investment-intelligence\index.ts","94"
"components\investment-intelligence\InvestmentCard.tsx","81"
"components\investment-intelligence\InvestmentDashboard.tsx","91"
"components\investment-intelligence\InvestmentInsight.tsx","87"
"components\investment-intelligence\InvestmentOpportunity.tsx","95"
"components\investment-intelligence\InvestmentStrategy.tsx","89"
"components\investment-intelligence\InvestorProfile.tsx","83"
"components\investment-intelligence\MarketSignal.tsx","77"
"components\investment-intelligence\OpportunityCard.tsx","83"
"components\investment-intelligence\OpportunityExplorer.tsx","91"
"components\investment-intelligence\OpportunityRanking.tsx","89"
"components\investment-intelligence\OpportunityScore.tsx","85"
"components\investment-intelligence\PortfolioDashboard.tsx","89"
"components\investment-intelligence\PortfolioOverview.tsx","87"
"components\investment-intelligence\PortfolioViewer.tsx","83"
"components\investment-intelligence\RiskAnalysisPanel.tsx","87"
"components\investment-intelligence\RiskAssessment.tsx","81"
"components\investment-intelligence\RiskIndicator.tsx","79"
"components\investment-intelligence\RiskReturnPanel.tsx","83"
"components\investment-intelligence\RiskScore.tsx","71"
"components\investment-intelligence\ROIAnalyzer.tsx","75"
"components\investment-intelligence\ROICalculator.tsx","79"
"components\investment-intelligence\ROIPrediction.tsx","79"
"components\investment-intelligence\SmartInvestmentAdvisor.tsx","97"
"components\investment-intelligence\StrategyPanel.tsx","79"
"components\investment-intelligence\StrategyPlanner.tsx","83"
"components\knowledge\AIKnowledgeAssistant.tsx","91"
"components\knowledge\DiscoveryDashboard.tsx","87"
"components\knowledge\EntityBadge.tsx","96"
"components\knowledge\EntityCard.tsx","96"
"components\knowledge\EntityViewer.tsx","75"
"components\knowledge\index.ts","94"
"components\knowledge\KnowledgeExplorer.tsx","85"
"components\knowledge\KnowledgeGraphViewer.tsx","91"
"components\knowledge\KnowledgeInsights.tsx","85"
"components\knowledge\KnowledgePanel.tsx","96"
"components\knowledge\OntologyBrowser.tsx","81"
"components\knowledge\RelatedEntities.tsx","96"
"components\knowledge\RelationMap.tsx","96"
"components\knowledge\RelationshipBadge.tsx","96"
"components\knowledge\RelationshipExplorer.tsx","91"
"components\knowledge\SemanticSearch.tsx","79"
"components\knowledge-fabric\EntityViewer.tsx","75"
"components\knowledge-fabric\GraphExplorer.tsx","77"
"components\knowledge-fabric\IntelligenceNetwork.tsx","89"
"components\knowledge-fabric\KnowledgeAnalytics.tsx","87"
"components\knowledge-fabric\KnowledgeDashboard.tsx","87"
"components\knowledge-fabric\OntologyViewer.tsx","79"
"components\knowledge-fabric\ReasoningPanel.tsx","79"
"components\knowledge-fabric\RelationMap.tsx","73"
"components\knowledge-fabric\SemanticExplorer.tsx","83"
"components\knowledge-graph\AIKnowledgeAssistant.tsx","93"
"components\knowledge-graph\AIKnowledgeInsight.tsx","89"
"components\knowledge-graph\AIKnowledgeReasoning.tsx","93"
"components\knowledge-graph\AIReasoningPanel.tsx","83"
"components\knowledge-graph\ArchitectureKnowledgePanel.tsx","103"
"components\knowledge-graph\CityKnowledgePanel.tsx","87"
"components\knowledge-graph\ConfidenceScore.tsx","83"
"components\knowledge-graph\ContextInsight.tsx","81"
"components\knowledge-graph\ContextPanel.tsx","75"
"components\knowledge-graph\DiscoveryEngine.tsx","81"
"components\knowledge-graph\EntityCard.tsx","73"
"components\knowledge-graph\EntityExplorer.tsx","79"
"components\knowledge-graph\EntityProfile.tsx","79"
"components\knowledge-graph\EntityTimeline.tsx","79"
"components\knowledge-graph\EntityViewer.tsx","75"
"components\knowledge-graph\FusionExplorer.tsx","79"
"components\knowledge-graph\GraphInsight.tsx","96"
"components\knowledge-graph\GraphMonitor.tsx","75"
"components\knowledge-graph\GraphSearch.tsx","75"
"components\knowledge-graph\GraphViewer.tsx","75"
"components\knowledge-graph\GraphVisualization.tsx","87"
"components\knowledge-graph\index.ts","94"
"components\knowledge-graph\IntelligenceMap.tsx","81"
"components\knowledge-graph\InvestmentKnowledgePanel.tsx","99"
"components\knowledge-graph\KnowledgeAnalytics.tsx","87"
"components\knowledge-graph\KnowledgeDashboard.tsx","89"
"components\knowledge-graph\KnowledgeExplorer.tsx","85"
"components\knowledge-graph\KnowledgeGraphDashboard.tsx","97"
"components\knowledge-graph\KnowledgeGraphExplorer.tsx","97"
"components\knowledge-graph\KnowledgeGraphView.tsx","87"
"components\knowledge-graph\KnowledgeGraphViewer.tsx","91"
"components\knowledge-graph\KnowledgeInsight.tsx","85"
"components\knowledge-graph\KnowledgeInsights.tsx","85"
"components\knowledge-graph\KnowledgeMap.tsx","77"
"components\knowledge-graph\KnowledgeMemory.tsx","81"
"components\knowledge-graph\KnowledgeNetwork.tsx","85"
"components\knowledge-graph\KnowledgeSearch.tsx","81"
"components\knowledge-graph\OntologyExplorer.tsx","83"
"components\knowledge-graph\OntologyManager.tsx","81"
"components\knowledge-graph\OntologyViewer.tsx","79"
"components\knowledge-graph\PropertyKnowledgePanel.tsx","95"
"components\knowledge-graph\ReasoningPanel.tsx","79"
"components\knowledge-graph\ReasoningViewer.tsx","81"
"components\knowledge-graph\RelationExplorer.tsx","85"
"components\knowledge-graph\RelationMap.tsx","73"
"components\knowledge-graph\RelationshipExplorer.tsx","91"
"components\knowledge-graph\RelationshipMap.tsx","81"
"components\knowledge-graph\RelationshipView.tsx","85"
"components\knowledge-graph\RelationshipViewer.tsx","87"
"components\knowledge-graph\RelationView.tsx","96"
"components\knowledge-graph\RelationViewer.tsx","79"
"components\knowledge-graph\SemanticExplorer.tsx","85"
"components\knowledge-graph\SemanticInsight.tsx","83"
"components\knowledge-graph\SemanticNetworkViewer.tsx","93"
"components\knowledge-graph\SemanticSearch.tsx","79"
"components\knowledge-graph\SourceBadge.tsx","75"
"components\knowledge-graph-intelligence\AIKnowledgeAssistant.tsx","93"
"components\knowledge-graph-intelligence\DiscoveryPanel.tsx","81"
"components\knowledge-graph-intelligence\EntityExplorer.tsx","81"
"components\knowledge-graph-intelligence\index.ts","94"
"components\knowledge-graph-intelligence\KnowledgeGraphViewer.tsx","93"
"components\knowledge-graph-intelligence\KnowledgeInsights.tsx","87"
"components\knowledge-graph-intelligence\ReasoningPanel.tsx","81"
"components\knowledge-graph-intelligence\RelationshipMap.tsx","83"
"components\knowledge-graph-intelligence\SemanticSearch.tsx","81"
"components\knowledge-intelligence\ConceptBrowser.tsx","79"
"components\knowledge-intelligence\ContextAnalyzer.tsx","81"
"components\knowledge-intelligence\EntityExplorer.tsx","79"
"components\knowledge-intelligence\KnowledgeAnalytics.tsx","87"
"components\knowledge-intelligence\KnowledgeGraphViewer.tsx","91"
"components\knowledge-intelligence\OntologyManager.tsx","81"
"components\knowledge-intelligence\ReasoningViewer.tsx","81"
"components\knowledge-intelligence\RelationshipMap.tsx","81"
"components\knowledge-intelligence\SemanticSearch.tsx","79"
"components\layout\footer.tsx","110"
"components\layout\header.tsx","97"
"components\layout\index.ts","91"
"components\layout\MainNavigation.tsx","96"
"components\layout\SiteFooter.tsx","96"
"components\layout\SiteHeader.tsx","96"
"components\layout\footer\index.tsx","118"
"components\layout\header\index.tsx","79"
"components\layout\language\index.ts","56"
"components\layout\language\LanguageSwitcher.tsx","119"
"components\layout\mobile\index.ts","56"
"components\layout\mobile\MobileNavigation.tsx","233"
"components\localization-intelligence\CulturalProfileViewer.tsx","93"
"components\localization-intelligence\CurrencyManager.tsx","81"
"components\localization-intelligence\GlobalExperienceViewer.tsx","95"
"components\localization-intelligence\LanguageCenter.tsx","79"
"components\localization-intelligence\LocalizationSettings.tsx","91"
"components\localization-intelligence\MarketLocalizationPanel.tsx","97"
"components\localization-intelligence\RegionalDashboard.tsx","85"
"components\localization-intelligence\TimezoneManager.tsx","81"
"components\localization-intelligence\TranslationManager.tsx","87"
"components\market-intelligence\AIMarketAdvisor.tsx","83"
"components\market-intelligence\AIMarketAnalyst.tsx","83"
"components\market-intelligence\AIMarketAssistant.tsx","87"
"components\market-intelligence\EconomicForecastViewer.tsx","95"
"components\market-intelligence\EconomicIndicator.tsx","87"
"components\market-intelligence\EconomicIndicatorCard.tsx","95"
"components\market-intelligence\EconomicIndicators.tsx","87"
"components\market-intelligence\EconomicSignals.tsx","83"
"components\market-intelligence\ForecastDashboard.tsx","85"
"components\market-intelligence\ForecastPanel.tsx","79"
"components\market-intelligence\ForecastViewer.tsx","79"
"components\market-intelligence\FutureEconomyExplorer.tsx","93"
"components\market-intelligence\GlobalMarketExplorer.tsx","91"
"components\market-intelligence\GlobalMarketMap.tsx","81"
"components\market-intelligence\index.ts","94"
"components\market-intelligence\IntelligenceReport.tsx","87"
"components\market-intelligence\InvestmentAnalyzer.tsx","87"
"components\market-intelligence\InvestmentHeatmap.tsx","87"
"components\market-intelligence\InvestmentScore.tsx","96"
"components\market-intelligence\InvestmentSignal.tsx","85"
"components\market-intelligence\LiveMarketFeed.tsx","79"
"components\market-intelligence\MarketAIInsight.tsx","83"
"components\market-intelligence\MarketAnalytics.tsx","81"
"components\market-intelligence\MarketCard.tsx","73"
"components\market-intelligence\MarketCycleChart.tsx","83"
"components\market-intelligence\MarketDashboard.tsx","81"
"components\market-intelligence\MarketExplorer.tsx","79"
"components\market-intelligence\MarketIndex.tsx","75"
"components\market-intelligence\MarketInsight.tsx","79"
"components\market-intelligence\MarketIntelligencePanel.tsx","26597"
"components\market-intelligence\MarketOverview.tsx","96"
"components\market-intelligence\MarketPrediction.tsx","85"
"components\market-intelligence\MarketRanking.tsx","79"
"components\market-intelligence\MarketReport.tsx","96"
"components\market-intelligence\MarketReportCard.tsx","96"
"components\market-intelligence\MarketRiskPanel.tsx","83"
"components\market-intelligence\MarketScore.tsx","75"
"components\market-intelligence\MarketSignals.tsx","77"
"components\market-intelligence\MarketSimulationViewer.tsx","95"
"components\market-intelligence\MarketTrendViewer.tsx","87"
"components\market-intelligence\OpportunityExplorer.tsx","91"
"components\market-intelligence\OpportunityPanel.tsx","85"
"components\market-intelligence\PredictionPanel.tsx","81"
"components\market-intelligence\PriceChart.tsx","96"
"components\market-intelligence\PriceIntelligence.tsx","87"
"components\market-intelligence\PricePredictionPanel.tsx","91"
"components\market-intelligence\PricePredictionViewer.tsx","93"
"components\market-intelligence\PriceTrendChart.tsx","83"
"components\market-intelligence\PropertyMarketAnalyzer.tsx","95"
"components\market-intelligence\PropertyMarketExplorer.tsx","95"
"components\market-intelligence\RiskAnalysis.tsx","77"
"components\market-intelligence\SupplyDemandPanel.tsx","87"
"components\market-intelligence\TrendAnalyzer.tsx","77"
"components\market-intelligence\TrendIndicator.tsx","96"
"components\market-intelligence\ValuationDashboard.tsx","87"
"components\marketplace\AgentDashboard.tsx","79"
"components\marketplace\AIPropertyMatcher.tsx","87"
"components\marketplace\AITransactionInsight.tsx","93"
"components\marketplace\BuyerDashboard.tsx","79"
"components\marketplace\BuyerRequest.tsx","77"
"components\marketplace\ContractManager.tsx","81"
"components\marketplace\DocumentManager.tsx","81"
"components\marketplace\index.ts","314"
"components\marketplace\InquiryForm.tsx","75"
"components\marketplace\InquiryPanel.tsx","77"
"components\marketplace\ListingCard.tsx","75"
"components\marketplace\ListingManager.tsx","79"
"components\marketplace\ListingProfile.tsx","81"
"components\marketplace\MarketplaceAnalytics.tsx","91"
"components\marketplace\MarketplaceDashboard.tsx","192"
"components\marketplace\MarketplaceSearch.tsx","87"
"components\marketplace\MatchScore.tsx","73"
"components\marketplace\MediaManager.tsx","75"
"components\marketplace\NegotiationPanel.tsx","85"
"components\marketplace\OfferCard.tsx","71"
"components\marketplace\OfferManager.tsx","77"
"components\marketplace\PaymentCenter.tsx","77"
"components\marketplace\PropertyExplorer.tsx","83"
"components\marketplace\PropertyListing.tsx","83"
"components\marketplace\PropertyListingCard.tsx","89"
"components\marketplace\PropertyManager.tsx","81"
"components\marketplace\PropertyMarketplace.tsx","89"
"components\marketplace\SellerDashboard.tsx","81"
"components\marketplace\SellerProfile.tsx","79"
"components\marketplace\ServiceMarketplace.tsx","87"
"components\marketplace\TransactionCenter.tsx","85"
"components\marketplace\TransactionPanel.tsx","83"
"components\marketplace\TransactionTimeline.tsx","91"
"components\marketplace\VendorDashboard.tsx","81"
"components\marketplace\catalog\ProductCatalog.tsx","128"
"components\marketplace\catalog\ReportCatalog.tsx","270"
"components\marketplace\products\IntelligenceProductCard.tsx","220"
"components\marketplace\services\AIServiceCatalog.tsx","123"
"components\marketplace\services\AIServicePanel.tsx","180"
"components\marketplace\subscriptions\SubscriptionPanel.tsx","158"
"components\marketplace-intelligence\AIMarketplaceAssistant.tsx","97"
"components\marketplace-intelligence\BuyerIntentPanel.tsx","85"
"components\marketplace-intelligence\DemandSupplyPanel.tsx","87"
"components\marketplace-intelligence\index.ts","94"
"components\marketplace-intelligence\InvestmentDashboard.tsx","89"
"components\marketplace-intelligence\ListingCard.tsx","75"
"components\marketplace-intelligence\ListingIntelligence.tsx","89"
"components\marketplace-intelligence\MarketplaceAnalytics.tsx","91"
"components\marketplace-intelligence\MarketplaceDashboard.tsx","91"
"components\marketplace-intelligence\MarketplaceExplorer.tsx","91"
"components\marketplace-intelligence\MarketSignals.tsx","77"
"components\marketplace-intelligence\NegotiationView.tsx","83"
"components\marketplace-intelligence\OfferPanel.tsx","73"
"components\marketplace-intelligence\PricingAnalyzer.tsx","81"
"components\marketplace-intelligence\PricingAssistant.tsx","85"
"components\marketplace-intelligence\PropertyDiscovery.tsx","87"
"components\marketplace-intelligence\PropertyEconomy.tsx","81"
"components\marketplace-intelligence\PropertyMatchCard.tsx","87"
"components\marketplace-intelligence\RankingInsights.tsx","83"
"components\marketplace-intelligence\RecommendationEngine.tsx","93"
"components\marketplace-intelligence\SmartSearch.tsx","75"
"components\marketplace-intelligence\TransactionCenter.tsx","85"
"components\marketplace-intelligence\TransactionInsight.tsx","89"
"components\marketplace-intelligence\ValuationCenter.tsx","81"
"components\media\MediaPlaceholder.tsx","114"
"components\mobile\DeviceInfo.tsx","71"
"components\mobile\MobileDashboard.tsx","81"
"components\mobile\MobileNavigation.tsx","83"
"components\mobile\NotificationCenter.tsx","87"
"components\mobile\OfflineIndicator.tsx","83"
"components\mobile\OmnichannelCenter.tsx","85"
"components\mobile\PushSettings.tsx","75"
"components\mobile\PWAInstallPrompt.tsx","83"
"components\mobile\SyncStatus.tsx","71"
"components\moderation\ApprovalBadge.tsx","96"
"components\moderation\index.ts","94"
"components\moderation\ModerationPanel.tsx","96"
"components\moderation\QualityScore.tsx","96"
"components\moderation\ReviewCard.tsx","96"
"components\moderation\WorkflowStatus.tsx","96"
"components\navigation\Breadcrumbs.tsx","96"
"components\navigation\DesktopNavigation.tsx","987"
"components\navigation\Header.tsx","96"
"components\navigation\HeaderActions.tsx","1167"
"components\navigation\index.ts","365"
"components\navigation\LanguageSwitcher.tsx","1616"
"components\navigation\MobileNavigation.tsx","1528"
"components\navigation\navigation.config.ts","1730"
"components\navigation\SearchTrigger.tsx","96"
"components\navigation\SiteHeader.tsx","1591"
"components\notification\index.ts","94"
"components\notification\NotificationBadge.tsx","96"
"components\notification\NotificationCenter.tsx","96"
"components\notification\NotificationItem.tsx","96"
"components\notification\NotificationPanel.tsx","96"
"components\notification\NotificationSettings.tsx","96"
"components\notifications\index.ts","94"
"components\notifications\NotificationBell.tsx","96"
"components\notifications\NotificationItem.tsx","96"
"components\notifications\NotificationList.tsx","96"
"components\observability-foundation\ObservabilityStatus.tsx","7857"
"components\open-platform\APIAnalytics.tsx","75"
"components\open-platform\APIExplorer.tsx","73"
"components\open-platform\DataExchangeCenter.tsx","87"
"components\open-platform\DeveloperCenter.tsx","81"
"components\open-platform\EcosystemOverview.tsx","85"
"components\open-platform\IntegrationMonitor.tsx","87"
"components\open-platform\PartnerManager.tsx","79"
"components\open-platform\PlatformDashboard.tsx","85"
"components\open-platform\WebhookManager.tsx","79"
"components\operations\OperationsDashboard.tsx","185"
"components\operations\SystemHealth.tsx","156"
"components\optimization\OptimizationDashboard.tsx","182"
"components\performance\AvailabilityStatus.tsx","87"
"components\performance\CacheMonitor.tsx","75"
"components\performance\DatabasePerformance.tsx","89"
"components\performance\LoadMonitor.tsx","73"
"components\performance\OptimizationPanel.tsx","85"
"components\performance\PerformanceDashboard.tsx","91"
"components\performance\PerformanceInsights.tsx","89"
"components\performance\ReliabilityMonitor.tsx","87"
"components\performance\ScalingDashboard.tsx","83"
"components\personalization\index.ts","94"
"components\personalization\InterestSelector.tsx","96"
"components\personalization\PersonalizedFeed.tsx","96"
"components\personalization\ReadingHistory.tsx","96"
"components\personalization\RecentlyViewed.tsx","96"
"components\personalization\RecommendationCard.tsx","96"
"components\personalization\SaveContentButton.tsx","96"
"components\personalization\UserPreferences.tsx","96"
"components\platform\AdminControlCenter.tsx","87"
"components\platform\DeploymentStatus.tsx","83"
"components\platform\MonitoringPanel.tsx","81"
"components\platform\SecurityDashboard.tsx","85"
"components\platform\SystemHealthDashboard.tsx","93"
"components\platform\UserPlatformDashboard.tsx","93"
"components\predictive-intelligence\AIPredictiveAssistant.tsx","95"
"components\predictive-intelligence\ConfidenceIndicator.tsx","91"
"components\predictive-intelligence\ForecastViewer.tsx","81"
"components\predictive-intelligence\index.ts","94"
"components\predictive-intelligence\MarketPredictionPanel.tsx","95"
"components\predictive-intelligence\PredictiveDashboard.tsx","91"
"components\predictive-intelligence\RiskAnalysisPanel.tsx","87"
"components\predictive-intelligence\ScenarioExplorer.tsx","85"
"components\predictive-intelligence\TrendMonitor.tsx","77"
"components\product-experience\AccessibilityPanel.tsx","87"
"components\product-experience\DesignSystemViewer.tsx","87"
"components\product-experience\HelpCenter.tsx","71"
"components\product-experience\JourneyNavigator.tsx","83"
"components\product-experience\MobileNavigation.tsx","83"
"components\product-experience\PersonalizationPanel.tsx","91"
"components\product-experience\UserGuide.tsx","69"
"components\product-experience\UserOnboarding.tsx","79"
"components\product-experience\UXAnalyticsDashboard.tsx","91"
"components\production-operations\ProductionOperationsStatus.tsx","5824"
"components\production-release\ProductionReleaseStatus.tsx","5370"
"components\production-reliability\ProductionReliabilityStatus.tsx","7352"
"components\production-runtime-config\ProductionRuntimeConfigStatus.tsx","870"
"components\professional\FeaturedProfessionals.tsx","96"
"components\professional\index.ts","94"
"components\professional\ProfessionalCard.tsx","96"
"components\professional\ProfessionalDirectory.tsx","96"
"components\professional\ProfessionalProfile.tsx","96"
"components\professional\RatingDisplay.tsx","96"
"components\professional\VerificationBadge.tsx","96"
"components\professional-directory\CompanyCard.tsx","96"
"components\professional-directory\index.ts","94"
"components\professional-directory\ProfessionalCard.tsx","96"
"components\professional-directory\RankingBadge.tsx","96"
"components\professional-directory\VerificationBadge.tsx","96"
"components\professional-ecosystem\AIExpertInsight.tsx","83"
"components\professional-ecosystem\ExpertiseBadge.tsx","81"
"components\professional-ecosystem\ExpertProfile.tsx","79"
"components\professional-ecosystem\ExpertSearch.tsx","77"
"components\professional-ecosystem\index.ts","94"
"components\professional-ecosystem\OrganizationCard.tsx","85"
"components\professional-ecosystem\PortfolioGallery.tsx","85"
"components\professional-ecosystem\ProfessionalAIInsight.tsx","95"
"components\professional-ecosystem\ProfessionalCard.tsx","85"
"components\professional-ecosystem\ProfessionalMatcher.tsx","91"
"components\professional-ecosystem\ProfessionalProfile.tsx","91"
"components\professional-ecosystem\ProfessionalSearch.tsx","96"
"components\professional-ecosystem\RankingList.tsx","96"
"components\professional-ecosystem\ReputationScore.tsx","83"
"components\professional-ecosystem\ServiceMarketplace.tsx","96"
"components\professional-ecosystem\SkillBadge.tsx","73"
"components\professional-ecosystem\VerificationBadge.tsx","87"
"components\professional-intelligence\AIExpertMatcher.tsx","83"
"components\professional-intelligence\AIProfessionalAdvisor.tsx","95"
"components\professional-intelligence\AIProfessionalAssistant.tsx","99"
"components\professional-intelligence\ArchitectProfile.tsx","85"
"components\professional-intelligence\ExpertiseBadge.tsx","81"
"components\professional-intelligence\ExpertMatcher.tsx","79"
"components\professional-intelligence\ExpertMatching.tsx","81"
"components\professional-intelligence\ExpertProfile.tsx","79"
"components\professional-intelligence\index.ts","94"
"components\professional-intelligence\OrganizationCard.tsx","85"
"components\professional-intelligence\PortfolioViewer.tsx","83"
"components\professional-intelligence\ProfessionalCard.tsx","85"
"components\professional-intelligence\ProfessionalDashboard.tsx","95"
"components\professional-intelligence\ProfessionalProfile.tsx","91"
"components\professional-intelligence\ProjectCollaboration.tsx","93"
"components\professional-intelligence\ReputationPanel.tsx","83"
"components\professional-intelligence\ReputationScore.tsx","83"
"components\professional-intelligence\ServiceMarketplace.tsx","89"
"components\professional-intelligence\SkillExplorer.tsx","79"
"components\professional-intelligence\SkillMatrix.tsx","75"
"components\professional-marketplace\CategoryFilter.tsx","96"
"components\professional-marketplace\FeaturedProfessionals.tsx","96"
"components\professional-marketplace\index.ts","94"
"components\professional-marketplace\PortfolioGallery.tsx","96"
"components\professional-marketplace\ProfessionalCard.tsx","96"
"components\professional-marketplace\ProfessionalProfile.tsx","96"
"components\professional-marketplace\RatingBadge.tsx","96"
"components\professional-marketplace\VerifiedBadge.tsx","96"
"components\professional-platform\ProfessionalDiscovery.tsx","48533"
"components\professionals\index.ts","94"
"components\professionals\ProfessionalBadge.tsx","96"
"components\professionals\ProfessionalCard.tsx","96"
"components\professionals\VerificationBadge.tsx","96"
"components\profile\ActivityFeed.tsx","96"
"components\profile\ActivitySummary.tsx","96"
"components\profile\DashboardCard.tsx","96"
"components\profile\index.ts","94"
"components\profile\InterestSelector.tsx","96"
"components\profile\ProfessionalProfile.tsx","96"
"components\profile\ProfileCard.tsx","96"
"components\profile\ProfileHeader.tsx","96"
"components\profile\ProfileSettings.tsx","96"
"components\profile-platform\AccountSettings.tsx","96"
"components\profile-platform\ActivityTimeline.tsx","96"
"components\profile-platform\DashboardLayout.tsx","96"
"components\profile-platform\index.ts","94"
"components\profile-platform\OrganizationProfile.tsx","96"
"components\profile-platform\PreferenceSettings.tsx","96"
"components\profile-platform\ProfessionalProfileCard.tsx","96"
"components\profile-platform\ProfileEditor.tsx","96"
"components\profile-platform\UserProfileCard.tsx","96"
"components\property\PropertyCard.tsx","96"
"components\property\PropertyGrid.tsx","96"
"components\property-intelligence\AIPropertyAdvisor.tsx","85"
"components\property-intelligence\AIPropertyAssistant.tsx","91"
"components\property-intelligence\ArchitectureAnalysis.tsx","93"
"components\property-intelligence\ArchitectureInsight.tsx","91"
"components\property-intelligence\BuildingPerformance.tsx","91"
"components\property-intelligence\index.ts","94"
"components\property-intelligence\InvestmentOpportunityPanel.tsx","103"
"components\property-intelligence\LifecycleTimeline.tsx","87"
"components\property-intelligence\PropertyAIInsight.tsx","87"
"components\property-intelligence\PropertyAnalysis.tsx","96"
"components\property-intelligence\PropertyAnalytics.tsx","85"
"components\property-intelligence\PropertyBadge.tsx","96"
"components\property-intelligence\PropertyCard.tsx","77"
"components\property-intelligence\PropertyComparison.tsx","89"
"components\property-intelligence\PropertyDashboard.tsx","87"
"components\property-intelligence\PropertyDetail.tsx","96"
"components\property-intelligence\PropertyDetails.tsx","96"
"components\property-intelligence\PropertyFeatureList.tsx","91"
"components\property-intelligence\PropertyFeatures.tsx","85"
"components\property-intelligence\PropertyFilters.tsx","96"
"components\property-intelligence\PropertyGallery.tsx","83"
"components\property-intelligence\PropertyImageAnalysis.tsx","95"
"components\property-intelligence\PropertyInsight.tsx","83"
"components\property-intelligence\PropertyIntelligenceCard.tsx","101"
"components\property-intelligence\PropertyIntelligenceDashboard.tsx","109"
"components\property-intelligence\PropertyMap.tsx","96"
"components\property-intelligence\PropertyMatchingAI.tsx","89"
"components\property-intelligence\PropertyProfile.tsx","83"
"components\property-intelligence\PropertyProfileAI.tsx","87"
"components\property-intelligence\PropertyRanking.tsx","81"
"components\property-intelligence\PropertyRecommendation.tsx","97"
"components\property-intelligence\PropertyRiskPanel.tsx","87"
"components\property-intelligence\PropertyScore.tsx","79"
"components\property-intelligence\PropertyScoreCard.tsx","85"
"components\property-intelligence\PropertySearch.tsx","81"
"components\property-intelligence\PropertyValuation.tsx","87"
"components\property-intelligence\PropertyValuationPanel.tsx","95"
"components\property-intelligence\QualityScorePanel.tsx","87"
"components\property-intelligence\RecommendationEngine.tsx","91"
"components\property-intelligence\RecommendedProperties.tsx","96"
"components\property-intelligence\ValuationPanel.tsx","81"
"components\property-marketplace\PropertyMarketplace.tsx","12016"
"components\property-platform\PropertyAvailability.tsx","551"
"components\property-platform\PropertyCard.tsx","510"
"components\property-platform\PropertyDashboard.tsx","386"
"components\property-platform\PropertyLocation.tsx","631"
"components\property-platform\PropertyMediaGallery.tsx","453"
"components\property-platform\PropertyOverview.tsx","510"
"components\property-platform\PropertyPlatform.tsx","149"
"components\property-platform\PropertyPricing.tsx","864"
"components\property-platform\PropertyResults.tsx","291"
"components\property-platform\PropertySearchPanel.tsx","720"
"components\quality\index.ts","94"
"components\quality\QualityBadge.tsx","96"
"components\quality\StatusIndicator.tsx","96"
"components\real-estate\index.ts","94"
"components\real-estate\InvestmentScore.tsx","96"
"components\real-estate\MarketDashboard.tsx","96"
"components\real-estate\MarketSnapshot.tsx","96"
"components\real-estate\MarketTrend.tsx","96"
"components\real-estate\PropertyCard.tsx","96"
"components\real-estate\PropertyOverview.tsx","96"
"components\real-estate-ai\AIInsightPanel.tsx","96"
"components\real-estate-ai\index.ts","94"
"components\real-estate-ai\InvestmentScore.tsx","96"
"components\real-estate-ai\MarketScoreCard.tsx","96"
"components\real-estate-ai\PredictionBadge.tsx","96"
"components\real-estate-ai\ValuationCard.tsx","96"
"components\real-estate-intelligence\DemandForecastChart.tsx","89"
"components\real-estate-intelligence\InvestmentAnalyzer.tsx","87"
"components\real-estate-intelligence\LocationScoreViewer.tsx","89"
"components\real-estate-intelligence\MarketIntelligencePanel.tsx","97"
"components\real-estate-intelligence\MarketTrendDashboard.tsx","91"
"components\real-estate-intelligence\PropertyAnalyzer.tsx","83"
"components\real-estate-intelligence\PropertyIntelligenceDashboard.tsx","109"
"components\real-estate-intelligence\RealEstateKnowledgeExplorer.tsx","105"
"components\real-estate-intelligence\ValuationViewer.tsx","81"
"components\realtime-intelligence\EventExplorer.tsx","82"
"components\realtime-intelligence\KnowledgeUpdates.tsx","88"
"components\realtime-intelligence\MarketSignals.tsx","82"
"components\realtime-intelligence\ProcessingMonitor.tsx","90"
"components\realtime-intelligence\PropertySignals.tsx","86"
"components\realtime-intelligence\RealtimeAnalytics.tsx","90"
"components\realtime-intelligence\RealtimeDashboard.tsx","90"
"components\realtime-intelligence\StreamMonitor.tsx","82"
"components\realtime-intelligence\UrbanSignals.tsx","80"
"components\recommendation\index.ts","94"
"components\recommendation\IntelligenceBadge.tsx","96"
"components\recommendation\InterestPanel.tsx","96"
"components\recommendation\PersonalizedFeed.tsx","96"
"components\recommendation\RecommendationCard.tsx","96"
"components\recommendation\RecommendationList.tsx","96"
"components\recommendation\RecommendationPanel.tsx","31217"
"components\regulations\AuthorityCard.tsx","96"
"components\regulations\ComplianceBadge.tsx","96"
"components\regulations\index.ts","94"
"components\regulations\RegulationCard.tsx","96"
"components\regulations\RegulationExplorer.tsx","96"
"components\regulations\RegulationProfile.tsx","96"
"components\regulations\SourceLink.tsx","96"
"components\release\BuildStatus.tsx","96"
"components\release\index.ts","94"
"components\release\ReleaseStatus.tsx","96"
"components\release-governance\ReleaseGovernanceStatus.tsx","5636"
"components\reports\index.ts","94"
"components\reports\ReportBadge.tsx","96"
"components\reports\ReportCard.tsx","96"
"components\reports\ReportMeta.tsx","96"
"components\reports\ReportSummary.tsx","96"
"components\request-protection\RequestProtectionStatus.tsx","6483"
"components\research-intelligence\AuthorProfile.tsx","77"
"components\research-intelligence\CitationAnalyzer.tsx","83"
"components\research-intelligence\PaperExplorer.tsx","77"
"components\research-intelligence\ResearchAnalytics.tsx","85"
"components\research-intelligence\ResearchDashboard.tsx","85"
"components\research-intelligence\ResearchGraphViewer.tsx","89"
"components\research-intelligence\ScientificInsightPanel.tsx","95"
"components\research-intelligence\TechnologyForecast.tsx","87"
"components\research-intelligence\TopicDiscovery.tsx","79"
"components\responsive\AccessibilityWrapper.tsx","96"
"components\responsive\AdaptiveGrid.tsx","96"
"components\responsive\DesktopOnly.tsx","96"
"components\responsive\FocusRing.tsx","96"
"components\responsive\index.ts","94"
"components\responsive\MobileOnly.tsx","96"
"components\responsive\ResponsiveContainer.tsx","96"
"components\responsive\ResponsiveSection.tsx","96"
"components\search\EmptySearch.tsx","96"
"components\search\index.ts","54"
"components\search\ResultCard.tsx","96"
"components\search\SearchBox.tsx","96"
"components\search\SearchFilters.tsx","96"
"components\search\SearchHighlight.tsx","96"
"components\search\SearchResult.tsx","96"
"components\search\SearchResults.tsx","96"
"components\search\SearchSuggestion.tsx","96"
"components\search\SearchSuggestions.tsx","96"
"components\search\GlobalSearch\GlobalSearch.tsx","97"
"components\search\GlobalSearch\index.ts","48"
"components\search\intelligent\index.ts","140"
"components\search\intelligent\RelatedKnowledge\index.ts","56"
"components\search\intelligent\RelatedKnowledge\RelatedKnowledge.tsx","105"
"components\search\intelligent\SearchExplanation\index.ts","58"
"components\search\intelligent\SearchExplanation\SearchExplanation.tsx","107"
"components\search\intelligent\SearchIntent\index.ts","48"
"components\search\intelligent\SearchIntent\SearchIntent.tsx","97"
"components\search\intelligent\SemanticSearch\index.ts","52"
"components\search\intelligent\SemanticSearch\SemanticSearch.tsx","101"
"components\search\SearchEmpty\index.ts","46"
"components\search\SearchEmpty\SearchEmpty.tsx","100"
"components\search\SearchFilter\index.ts","48"
"components\search\SearchFilter\SearchFilter.tsx","97"
"components\search\SearchInput\index.ts","46"
"components\search\SearchInput\SearchInput.tsx","95"
"components\search\SearchResult\index.ts","48"
"components\search\SearchResult\SearchResult.tsx","97"
"components\sections\FeaturedSection.tsx","96"
"components\sections\HeroSection.tsx","96"
"components\security\AccessDenied.tsx","96"
"components\security\AuditExplorer.tsx","77"
"components\security\AuditViewer.tsx","73"
"components\security\AuthenticationCenter.tsx","91"
"components\security\ComplianceDashboard.tsx","89"
"components\security\ConsentManager.tsx","79"
"components\security\IdentityManager.tsx","81"
"components\security\IdentityProfile.tsx","81"
"components\security\index.ts","94"
"components\security\LoginPanel.tsx","71"
"components\security\PermissionGuard.tsx","96"
"components\security\PermissionManager.tsx","85"
"components\security\PrivacyCenter.tsx","77"
"components\security\PrivacySettings.tsx","81"
"components\security\RoleBadge.tsx","96"
"components\security\RoleManager.tsx","73"
"components\security\SecurityDashboard.tsx","85"
"components\security\SecurityMonitor.tsx","81"
"components\security\SecurityStatus.tsx","96"
"components\security\TrustDashboard.tsx","79"
"components\security\TrustScoreCard.tsx","79"
"components\security\VerificationPanel.tsx","85"
"components\security-audit\SecurityAuditStatus.tsx","6697"
"components\security-deployment-audit\SecurityDeploymentAuditStatus.tsx","5304"
"components\security-enforcement\SecurityEnforcementStatus.tsx","4657"
"components\security-global-headers\SecurityGlobalHeadersStatus.tsx","4714"
"components\security-header-http-smoke\SecurityHeaderHttpSmokeStatus.tsx","923"
"components\security-header-scope\SecurityHeaderScopeStatus.tsx","5107"
"components\security-intelligence\AccessControlCenter.tsx","89"
"components\security-intelligence\ComplianceCenter.tsx","83"
"components\security-intelligence\DeviceSecurityPanel.tsx","89"
"components\security-intelligence\IdentityDashboard.tsx","85"
"components\security-intelligence\PrivacyManager.tsx","79"
"components\security-intelligence\SecurityAnalytics.tsx","85"
"components\security-intelligence\SecurityMonitor.tsx","81"
"components\security-intelligence\SessionManager.tsx","79"
"components\security-intelligence\TrustScoreViewer.tsx","83"
"components\security-policy\SecurityPolicyStatus.tsx","4584"
"components\security-posture\SecurityPostureStatus.tsx","4756"
"components\security-trust\AccessControlPanel.tsx","646"
"components\security-trust\AuditPanel.tsx","348"
"components\security-trust\IdentitySecurityPanel.tsx","261"
"components\security-trust\SecurityDashboard.tsx","603"
"components\security-trust\SecurityRiskPanel.tsx","716"
"components\security-trust\SecurityTrust.tsx","146"
"components\security-trust\TrustPanel.tsx","561"
"components\self-optimization\SelfOptimizationDashboard.tsx","199"
"components\smart-city-intelligence\CityOverview.tsx","282"
"components\smart-city-intelligence\CityRecommendations.tsx","819"
"components\smart-city-intelligence\InfrastructurePanel.tsx","727"
"components\smart-city-intelligence\LivabilityPanel.tsx","625"
"components\smart-city-intelligence\MobilityPanel.tsx","711"
"components\smart-city-intelligence\SmartCityDashboard.tsx","708"
"components\smart-city-intelligence\SmartCityIntelligence.tsx","157"
"components\smart-city-intelligence\UrbanEnvironmentPanel.tsx","753"
"components\smart-city-intelligence\UrbanIndicatorsPanel.tsx","427"
"components\smart-city-intelligence\UrbanRiskPanel.tsx","627"
"components\smart-search\AIPropertyFinder.tsx","83"
"components\smart-search\DiscoveryExplorer.tsx","85"
"components\smart-search\GeoSearchMap.tsx","75"
"components\smart-search\PersonalizedResults.tsx","89"
"components\smart-search\SearchRanking.tsx","77"
"components\smart-search\SemanticSearchPanel.tsx","89"
"components\smart-search\SmartSearchBox.tsx","79"
"components\smart-search\VisualSearchPanel.tsx","85"
"components\source-intelligence\AuthorityBadge.tsx","81"
"components\source-intelligence\CitationBox.tsx","75"
"components\source-intelligence\index.ts","94"
"components\source-intelligence\RegulationCard.tsx","81"
"components\source-intelligence\RegulationViewer.tsx","85"
"components\source-intelligence\SourceCard.tsx","73"
"components\source-intelligence\SourceExplorer.tsx","81"
"components\source-intelligence\VerificationStatus.tsx","89"
"components\spatial-intelligence\AISpatialAdvisor.tsx","85"
"components\spatial-intelligence\ARPreview.tsx","69"
"components\spatial-intelligence\GeoAIAssistant.tsx","81"
"components\spatial-intelligence\GeoPredictionViewer.tsx","91"
"components\spatial-intelligence\GISAnalysisPanel.tsx","85"
"components\spatial-intelligence\GISLayerViewer.tsx","81"
"components\spatial-intelligence\index.ts","94"
"components\spatial-intelligence\LocationIntelligence.tsx","93"
"components\spatial-intelligence\LocationSearch.tsx","81"
"components\spatial-intelligence\MapExplorer.tsx","75"
"components\spatial-intelligence\Model3DViewer.tsx","77"
"components\spatial-intelligence\OpportunityMap.tsx","81"
"components\spatial-intelligence\PropertyVirtualTour.tsx","89"
"components\spatial-intelligence\ProximityAnalyzer.tsx","87"
"components\spatial-intelligence\SceneExplorer.tsx","77"
"components\spatial-intelligence\SmartMapViewer.tsx","81"
"components\spatial-intelligence\SpatialAnalytics.tsx","83"
"components\spatial-intelligence\SpatialDashboard.tsx","83"
"components\spatial-intelligence\SpatialInsights.tsx","83"
"components\spatial-intelligence\SpatialMap.tsx","71"
"components\spatial-intelligence\SpatialRanking.tsx","81"
"components\spatial-intelligence\UrbanAnalyticsPanel.tsx","91"
"components\spatial-intelligence\VREnvironment.tsx","77"
"components\spatial-intelligence\XRExperience.tsx","75"
"components\system-audit\AuditReport.tsx","96"
"components\system-audit\AuditStatus.tsx","96"
"components\system-audit\index.ts","94"
"components\templates\ContentTemplate.tsx","96"
"components\templates\LandingTemplate.tsx","96"
"components\templates\PropertyTemplate.tsx","96"
"components\transaction-intelligence\AITransactionAssistant.tsx","97"
"components\transaction-intelligence\ContractWorkflow.tsx","85"
"components\transaction-intelligence\DealAnalyzer.tsx","77"
"components\transaction-intelligence\index.ts","94"
"components\transaction-intelligence\NegotiationPanel.tsx","85"
"components\transaction-intelligence\OfferManager.tsx","77"
"components\transaction-intelligence\PaymentTracker.tsx","81"
"components\transaction-intelligence\RiskAssessment.tsx","81"
"components\transaction-intelligence\TransactionDashboard.tsx","93"
"components\transactions\AgreementPanel.tsx","575"
"components\transactions\NegotiationPanel.tsx","592"
"components\transactions\OfferPanel.tsx","566"
"components\transactions\TransactionDashboard.tsx","485"
"components\transactions\TransactionParties.tsx","619"
"components\transactions\TransactionPlatform.tsx","161"
"components\transactions\TransactionSummary.tsx","252"
"components\transactions\TransactionTimeline.tsx","258"
"components\translation\index.ts","94"
"components\translation\LanguageSelector.tsx","96"
"components\translation\LanguageSwitcher.tsx","96"
"components\translation\LocalizedContent.tsx","96"
"components\translation\SmartTranslator.tsx","96"
"components\translation\TranslationBadge.tsx","96"
"components\translation\TranslationStatus.tsx","96"
"components\trust-intelligence\AuditExplorer.tsx","77"
"components\trust-intelligence\ComplianceDashboard.tsx","89"
"components\trust-intelligence\ExplainabilityPanel.tsx","89"
"components\trust-intelligence\GovernanceDashboard.tsx","89"
"components\trust-intelligence\PolicyManager.tsx","77"
"components\trust-intelligence\PrivacyCenter.tsx","77"
"components\trust-intelligence\SecurityMonitor.tsx","81"
"components\trust-intelligence\TrustAnalytics.tsx","79"
"components\trust-intelligence\TrustScoreViewer.tsx","83"
"components\ui\Button.tsx","189"
"components\ui\Card.tsx","127"
"components\ui\Container.tsx","712"
"components\ui\Grid.tsx","524"
"components\ui\index.ts","135"
"components\ui\Stack.tsx","420"
"components\ui\badge\Badge.tsx","209"
"components\ui\badge\index.ts","34"
"components\ui\button\Button.tsx","369"
"components\ui\button\index.ts","36"
"components\ui\card\Card.tsx","203"
"components\ui\card\index.ts","32"
"components\ui\container\Container.tsx","221"
"components\ui\container\index.ts","42"
"components\ui\Input\index.ts","77"
"components\ui\Input\Input.tsx","191"
"components\ui\Typography\index.ts","97"
"components\ui\Typography\Typography.tsx","401"
"components\urban-intelligence\AIUrbanAdvisor.tsx","81"
"components\urban-intelligence\CityExplorer.tsx","75"
"components\urban-intelligence\CityModelViewer.tsx","81"
"components\urban-intelligence\CityProfileAI.tsx","79"
"components\urban-intelligence\DistrictAnalyzer.tsx","83"
"components\urban-intelligence\FutureScenarioViewer.tsx","93"
"components\urban-intelligence\index.ts","94"
"components\urban-intelligence\InfrastructureMonitor.tsx","93"
"components\urban-intelligence\MobilityCenter.tsx","79"
"components\urban-intelligence\QualityOfLifeScore.tsx","89"
"components\urban-intelligence\SmartCityAnalytics.tsx","89"
"components\urban-intelligence\SustainabilityDashboard.tsx","97"
"components\urban-intelligence\SustainabilityPanel.tsx","91"
"components\urban-intelligence\UrbanAnalytics.tsx","79"
"components\urban-intelligence\UrbanDashboard.tsx","79"
"components\urban-intelligence\UrbanGrowthPanel.tsx","85"
"components\urban-intelligence\UrbanInsights.tsx","77"
"components\user-experience\index.ts","322"
"components\user-experience\auth\AuthPanel.tsx","163"
"components\user-experience\dashboard\UserDashboard.tsx","152"
"components\user-experience\profile\UserProfile.tsx","195"
"components\user-experience\settings\UserSettings.tsx","114"
"components\user-experience\workspace\Workspace.tsx","166"
"components\user-intelligence\ActivityTimeline.tsx","85"
"components\user-intelligence\AdaptiveExperience.tsx","87"
"components\user-intelligence\AdaptiveExperienceViewer.tsx","99"
"components\user-intelligence\AIUserAssistant.tsx","83"
"components\user-intelligence\AIUserCompanion.tsx","83"
"components\user-intelligence\AIUserInsight.tsx","79"
"components\user-intelligence\BehaviorAnalytics.tsx","85"
"components\user-intelligence\BehaviorInsights.tsx","83"
"components\user-intelligence\BehaviorTimeline.tsx","85"
"components\user-intelligence\FeedbackPanel.tsx","79"
"components\user-intelligence\index.ts","94"
"components\user-intelligence\IntelligenceAssistantPanel.tsx","103"
"components\user-intelligence\InterestMap.tsx","75"
"components\user-intelligence\InterestTags.tsx","77"
"components\user-intelligence\PersonalAssistant.tsx","85"
"components\user-intelligence\PersonalDashboard.tsx","87"
"components\user-intelligence\PersonalizationEngine.tsx","95"
"components\user-intelligence\PersonalizationPanel.tsx","93"
"components\user-intelligence\PersonalizedWorkspace.tsx","93"
"components\user-intelligence\PersonalProfile.tsx","83"
"components\user-intelligence\PreferenceCenter.tsx","85"
"components\user-intelligence\PreferenceManager.tsx","85"
"components\user-intelligence\PreferencePanel.tsx","83"
"components\user-intelligence\ProfileExplorer.tsx","81"
"components\user-intelligence\RecommendationFeed.tsx","89"
"components\user-intelligence\RecommendationList.tsx","89"
"components\user-intelligence\RecommendationPanel.tsx","89"
"components\user-intelligence\UserAnalytics.tsx","77"
"components\user-intelligence\UserDashboard.tsx","79"
"components\user-intelligence\UserInsightCard.tsx","83"
"components\user-intelligence\UserIntelligenceDashboard.tsx","101"
"components\user-intelligence\UserJourneyMap.tsx","79"
"components\user-intelligence\UserJourneyViewer.tsx","85"
"components\user-intelligence\UserMemoryPanel.tsx","83"
"components\user-intelligence\UserProfileAI.tsx","79"
"components\user-intelligence\UserProfileCard.tsx","83"
"components\user-intelligence\UserProfileInsight.tsx","89"
"components\user-intelligence\UserProfileViewer.tsx","85"
"components\user-intelligence\UserRecommendationAI.tsx","93"
"components\user-intelligence\UserSegmentViewer.tsx","87"
"components\user-platform\AIUserAssistant.tsx","81"
"components\user-platform\FavoritesPanel.tsx","79"
"components\user-platform\NotificationCenter.tsx","87"
"components\user-platform\ProfilePanel.tsx","75"
"components\user-platform\PropertyManager.tsx","81"
"components\user-platform\SavedSearchPanel.tsx","83"
"components\user-platform\UserActivityPanel.tsx","85"
"components\user-platform\UserDashboard.tsx","77"
"components\ux\AccessibilityWrapper.tsx","96"
"components\ux\EmptyState.tsx","96"
"components\ux\index.ts","94"
"components\ux\LoadingState.tsx","96"
"components\ux\SectionHeader.tsx","96"
